 ,Label,Area,Mean,Min,Max,Circ.,Median,AR,Round,Solidity
1,mNG2_2_FITC.tif,438.9997,463.7722,99.0000,1009.0000,0.7758,420.0000,1.7102,0.5847,0.8977
2,mNG2_2_FITC.tif,81.3590,160.8125,71.0000,307.0000,1.0000,148.0000,1.1868,0.8426,0.9320
3,mNG2_2_FITC.tif,118.6486,116.0429,73.0000,182.0000,0.9747,118.0000,1.0939,0.9142,0.9032
4,mNG2_2_FITC.tif,159.3281,129.6702,56.0000,193.0000,0.8923,132.0000,1.5785,0.6335,0.9353
5,mNG2_2_FITC.tif,203.3975,483.3750,166.0000,766.0000,0.9981,492.0000,1.1122,0.8991,0.9302
6,mNG2_2_FITC.tif,208.4825,361.6911,102.0000,611.0000,0.9758,367.0000,1.1012,0.9081,0.9498
7,mNG2_2_FITC.tif,206.7875,650.6148,304.0000,977.0000,0.8878,669.0000,1.2622,0.7923,0.9421
8,mNG2_2_FITC.tif,513.5788,1262.1584,328.0000,2314.0000,0.8368,1179.0000,1.6819,0.5946,0.9469
9,mNG2_2_FITC.tif,301.7064,659.1348,220.0000,1118.0000,0.8481,619.0000,1.2809,0.7807,0.8990
10,mNG2_2_FITC.tif,191.5327,176.4336,57.0000,294.0000,0.9638,172.0000,1.2730,0.7855,0.9496
11,mNG2_2_FITC.tif,269.5018,337.8679,118.0000,642.0000,0.9568,322.0000,1.2607,0.7932,0.9298
12,mNG2_2_FITC.tif,398.3202,953.5745,207.0000,1670.0000,0.9131,984.0000,1.3447,0.7437,0.9514
13,mNG2_2_FITC.tif,201.7026,302.2941,98.0000,479.0000,0.7428,297.0000,1.9928,0.5018,0.8881
14,mNG2_2_FITC.tif,418.6600,1379.2834,317.0000,2962.0000,0.9246,1231.0000,1.4151,0.7066,0.9392
15,mNG2_2_FITC.tif,284.7566,137.7976,72.0000,257.0000,0.9511,137.0000,1.0517,0.9508,0.9282
16,mNG2_2_FITC.tif,123.7335,131.5342,64.0000,229.0000,0.9072,121.0000,1.4661,0.6821,0.9068
17,mNG2_2_FITC.tif,308.4863,172.0385,76.0000,322.0000,0.9482,166.0000,1.0933,0.9146,0.9309
18,mNG2_2_FITC.tif,208.4825,163.7886,83.0000,269.0000,0.8506,164.0000,1.8577,0.5383,0.9354
19,mNG2_2_FITC.tif,128.8184,133.7368,49.0000,231.0000,0.8241,128.0000,1.7518,0.5708,0.8889
20,mNG2_2_FITC.tif,272.8917,245.0248,58.0000,397.0000,0.8592,274.0000,1.6877,0.5925,0.9122
21,mNG2_2_FITC.tif,91.5289,150.4815,64.0000,274.0000,0.5739,137.0000,2.3015,0.4345,0.7105
22,mNG2_2_FITC.tif,316.9612,1459.3529,148.0000,3037.0000,0.8826,1453.0000,1.3898,0.7195,0.9034
23,mNG2_2_FITC.tif,333.9110,198.4365,61.0000,363.0000,0.8776,195.0000,1.5682,0.6377,0.9292
24,mNG2_2_FITC.tif,335.6060,1760.6869,391.0000,3556.0000,0.9137,1592.0000,1.1457,0.8728,0.9296
25,mNG2_2_FITC.tif,400.0152,255.5720,81.0000,489.0000,0.8658,258.0000,1.6639,0.6010,0.9347
26,mNG2_2_FITC.tif,183.0578,140.2037,56.0000,256.0000,0.9499,143.0000,1.3098,0.7635,0.9391
27,mNG2_2_FITC.tif,142.3783,143.7619,64.0000,277.0000,0.6395,137.0000,2.1397,0.4674,0.8442
28,mNG2_2_FITC.tif,396.6252,154.2650,68.0000,276.0000,0.9203,154.0000,1.2945,0.7725,0.9341
29,mNG2_2_FITC.tif,184.7528,146.9725,50.0000,353.0000,0.8543,145.0000,1.3579,0.7364,0.9008
30,mNG2_2_FITC.tif,440.6947,463.5654,80.0000,915.0000,0.9732,468.0000,1.1021,0.9073,0.9524
31,mNG2_2_FITC.tif,118.6486,138.4143,67.0000,200.0000,0.9378,143.0000,1.0939,0.9141,0.8974
32,mNG2_2_FITC.tif,115.2586,124.0147,59.0000,231.0000,0.9782,123.0000,1.2525,0.7984,0.9444
33,mNG2_2_FITC.tif,528.8336,1516.0032,371.0000,3241.0000,0.9276,1400.0000,1.2246,0.8166,0.9455
34,mNG2_2_FITC.tif,281.3666,153.3976,53.0000,264.0000,0.9038,149.0000,1.4192,0.7046,0.9459
35,mNG2_2_FITC.tif,477.9842,553.3546,115.0000,1110.0000,0.9164,498.0000,1.4008,0.7139,0.9479
36,mNG2_2_FITC.tif,293.2315,245.3179,43.0000,430.0000,0.8925,259.0000,1.2323,0.8115,0.9081
37,mNG2_2_FITC.tif,235.6022,646.8273,242.0000,975.0000,0.9460,668.0000,1.0730,0.9320,0.9653
38,mNG2_2_FITC.tif,484.7642,1308.6294,337.0000,2934.0000,0.9193,1164.0000,1.0087,0.9914,0.9486
39,mNG2_2_FITC.tif,257.6369,126.2829,23.0000,245.0000,0.3676,126.0000,1.0735,0.9315,0.7795
40,mNG2_2_FITC.tif,205.0925,169.0826,66.0000,351.0000,0.7753,161.0000,1.9582,0.5107,0.8996
41,mNG2_2_FITC.tif,398.3202,1626.8468,134.0000,3936.0000,0.9722,1347.0000,1.1713,0.8538,0.9533
42,mNG2_2_FITC.tif,381.3704,601.2044,134.0000,1475.0000,0.9194,494.0000,1.0972,0.9115,0.9434
43,mNG2_2_FITC.tif,149.1582,181.4659,15.0000,386.0000,0.9223,176.0000,1.3153,0.7603,0.8844
44,mNG2_2_FITC.tif,147.4632,120.2874,61.0000,257.0000,0.9247,116.0000,1.1149,0.8969,0.9158
45,mNG2_2_FITC.tif,157.6331,195.2581,81.0000,310.0000,0.8711,188.0000,1.1082,0.9024,0.8986
46,mNG2_2_FITC.tif,93.2239,197.9273,76.0000,307.0000,0.9169,204.0000,1.2144,0.8234,0.8527
47,mNG2_2_FITC.tif,176.2779,579.5865,233.0000,894.0000,0.9742,587.0000,1.1131,0.8984,0.9327
48,mNG2_2_FITC.tif,238.9921,284.9645,65.0000,498.0000,0.9488,299.0000,1.0548,0.9481,0.9431
49,mNG2_2_FITC.tif,772.9107,1628.6316,500.0000,2933.0000,0.7839,1570.0000,1.4972,0.6679,0.9048
50,mNG2_2_FITC.tif,89.8339,491.1509,200.0000,703.0000,0.9567,475.0000,1.1096,0.9012,0.8908
51,mNG2_2_FITC.tif,411.8800,1741.4815,292.0000,4133.0000,0.9283,1434.0000,1.3262,0.7541,0.9419
52,mNG2_2_FITC.tif,252.5520,1021.2349,360.0000,1985.0000,0.7686,892.0000,1.7542,0.5701,0.9003
53,mNG2_2_FITC.tif,332.2160,276.9796,84.0000,607.0000,0.8927,256.0000,1.4330,0.6978,0.9180
54,mNG2_2_FITC.tif,471.2043,1893.7770,448.0000,3954.0000,0.9280,1755.0000,1.2145,0.8234,0.9408
55,mNG2_2_FITC.tif,323.7411,820.3141,126.0000,2040.0000,0.9492,648.0000,1.1034,0.9063,0.9409
56,mNG2_2_FITC.tif,116.9536,136.0580,64.0000,215.0000,0.7860,128.0000,1.3558,0.7376,0.8364
57,mNG2_2_FITC.tif,216.9574,230.7578,51.0000,363.0000,0.9630,240.0000,1.0159,0.9844,0.9176
58,mNG2_2_FITC.tif,125.4285,241.3378,158.0000,369.0000,0.9545,238.0000,1.1348,0.8812,0.9080
59,mNG2_2_FITC.tif,283.0616,1026.8144,366.0000,1828.0000,0.8875,985.0000,1.5093,0.6625,0.9435
60,mNG2_2_FITC.tif,276.2817,339.4663,74.0000,691.0000,0.8375,319.0000,1.5986,0.6255,0.9314
61,mNG2_2_FITC.tif,288.1465,765.1059,156.0000,1471.0000,0.9072,693.0000,1.2302,0.8129,0.9115
62,mNG2_2_FITC.tif,793.2504,696.2350,220.0000,1481.0000,0.6384,633.0000,2.0611,0.4852,0.8320
63,mNG2_2_FITC.tif,359.3357,1013.1462,303.0000,2130.0000,0.8337,974.0000,1.5880,0.6297,0.9177
64,mNG2_2_FITC.tif,194.9227,153.8609,58.0000,273.0000,0.9283,157.0000,1.2932,0.7733,0.9163
65,mNG2_2_FITC.tif,564.4282,386.8228,109.0000,685.0000,0.6565,383.0000,1.2390,0.8071,0.8441
66,mNG2_2_FITC.tif,371.2005,772.8721,217.0000,1414.0000,0.8197,779.0000,1.7262,0.5793,0.9087
67,mNG2_2_FITC.tif,300.0114,538.8588,130.0000,953.0000,0.9541,532.0000,1.2353,0.8095,0.9365
68,mNG2_2_FITC.tif,361.0306,303.3944,80.0000,595.0000,0.9003,310.0000,1.3867,0.7212,0.9301
69,mNG2_2_FITC.tif,332.2160,594.6378,123.0000,1245.0000,0.9010,529.0000,1.3914,0.7187,0.9356
70,mNG2_2_FITC.tif,125.4285,199.8514,109.0000,293.0000,0.9196,197.0000,1.4390,0.6949,0.9080
71,mNG2_2_FITC.tif,289.8415,244.0936,51.0000,531.0000,0.9217,198.0000,1.3132,0.7615,0.9293
72,mNG2_2_FITC.tif,105.0887,603.3065,300.0000,1207.0000,1.0000,565.0000,1.1150,0.8968,0.9051
73,mNG2_2_FITC.tif,255.9419,470.8940,192.0000,776.0000,0.9086,455.0000,1.1532,0.8672,0.9069
74,mNG2_2_FITC.tif,581.3780,944.4810,212.0000,2158.0000,0.7854,890.0000,1.7867,0.5597,0.8921
75,mNG2_2_FITC.tif,539.0035,1715.0975,456.0000,4187.0000,0.7979,1326.0000,1.2987,0.7700,0.8908
76,mNG2_2_FITC.tif,113.5636,224.7761,63.0000,413.0000,0.9482,216.0000,1.1014,0.9079,0.8993
77,mNG2_2_FITC.tif,310.1813,884.3497,162.0000,1966.0000,0.9864,779.0000,1.0442,0.9576,0.9482
78,mNG2_2_FITC.tif,359.3357,316.8255,79.0000,572.0000,0.7331,290.0000,1.4435,0.6928,0.8671
79,mNG2_2_FITC.tif,394.9302,1155.7554,210.0000,2563.0000,0.8649,1003.0000,1.0933,0.9146,0.9049
80,mNG2_2_FITC.tif,140.6833,297.4096,119.0000,493.0000,0.9455,302.0000,1.1836,0.8449,0.9222
81,mNG2_2_FITC.tif,405.1001,703.3389,226.0000,1369.0000,0.8264,643.0000,1.7088,0.5852,0.9391
82,mNG2_2_FITC.tif,211.8724,362.3120,120.0000,641.0000,0.9564,361.0000,1.1416,0.8760,0.9124
83,mNG2_2_FITC.tif,144.0733,186.5059,42.0000,308.0000,0.9350,190.0000,1.1161,0.8960,0.9189
84,mNG2_2_FITC.tif,120.3435,114.8451,49.0000,183.0000,0.9158,119.0000,1.6646,0.6007,0.9161
85,mNG2_2_FITC.tif,450.8646,1324.1842,307.0000,2884.0000,0.9303,1183.0000,1.2615,0.7927,0.9433
86,mNG2_2_FITC.tif,201.7026,407.0672,176.0000,696.0000,0.9441,407.0000,1.2065,0.8289,0.9407
87,mNG2_2_FITC.tif,130.5134,208.6753,63.0000,333.0000,0.9932,216.0000,1.3480,0.7418,0.9222
88,mNG2_2_FITC.tif,767.8257,1298.0155,160.0000,3248.0000,0.6031,1129.0000,1.9054,0.5248,0.8274
89,mNG2_2_FITC.tif,347.4708,371.5122,100.0000,876.0000,0.9424,319.0000,1.1052,0.9048,0.9425
90,mNG2_2_FITC.tif,342.3859,1565.2822,373.0000,2908.0000,0.8013,1532.0000,1.2958,0.7717,0.8899
91,mNG2_2_FITC.tif,227.1273,340.6269,108.0000,568.0000,0.9060,340.0000,1.0315,0.9694,0.9085
92,mNG2_2_FITC.tif,113.5636,676.1791,378.0000,1077.0000,0.9120,684.0000,1.1079,0.9026,0.9054
93,mNG2_2_FITC.tif,230.5172,373.5515,134.0000,632.0000,0.9299,364.0000,1.2866,0.7772,0.9220
94,mNG2_2_FITC.tif,293.2315,268.1098,67.0000,567.0000,0.6947,231.0000,1.5938,0.6274,0.8160
95,mNG2_2_FITC.tif,242.3821,668.7273,263.0000,1060.0000,0.9023,685.0000,1.2764,0.7834,0.9377
96,mNG2_2_FITC.tif,315.2662,1730.7312,525.0000,3189.0000,0.8630,1700.0000,1.2420,0.8052,0.9208
97,mNG2_2_FITC.tif,298.3164,475.7557,113.0000,866.0000,0.9623,462.0000,1.0768,0.9287,0.9263
98,mNG2_2_FITC.tif,200.0076,475.3983,192.0000,675.0000,0.9525,485.0000,1.0603,0.9431,0.9183
99,mNG2_2_FITC.tif,423.7449,626.1400,160.0000,1321.0000,0.8575,545.0000,1.4162,0.7061,0.9158
100,mNG2_2_FITC.tif,555.9533,981.3537,218.0000,1850.0000,0.8344,973.0000,1.8018,0.5550,0.9619
101,mNG2_2_FITC.tif,359.3357,872.9717,150.0000,1813.0000,0.9444,751.0000,1.1101,0.9008,0.9339
102,mNG2_2_FITC.tif,232.2122,626.5985,245.0000,1064.0000,0.9367,605.0000,1.3028,0.7676,0.9195
103,mNG2_2_FITC.tif,410.1851,546.5992,195.0000,984.0000,0.8015,555.0000,1.6483,0.6067,0.8980
104,mNG2_2_FITC.tif,311.8762,1266.1413,292.0000,2240.0000,0.8348,1251.0000,1.4415,0.6937,0.9200
105,mNG2_2_FITC.tif,193.2277,591.4386,198.0000,894.0000,0.9601,612.0000,1.0966,0.9119,0.9306
106,mNG2_2_FITC.tif,198.3126,159.9402,59.0000,276.0000,0.9562,165.0000,1.2236,0.8172,0.9360
107,mNG2_2_FITC.tif,408.4901,991.2739,259.0000,2278.0000,0.8294,793.0000,1.0737,0.9314,0.9060
108,mNG2_2_FITC.tif,393.2353,1794.1336,237.0000,3977.0000,0.9124,1580.0000,1.2863,0.7774,0.9299
109,mNG2_2_FITC.tif,205.0925,573.7025,300.0000,967.0000,0.8848,579.0000,1.5604,0.6409,0.9202
110,mNG2_2_FITC.tif,328.8260,1385.4948,377.0000,2795.0000,0.8273,1244.0000,1.3042,0.7668,0.9065
111,mNG2_2_FITC.tif,423.7449,749.2760,229.0000,1436.0000,0.8345,699.0000,1.3915,0.7187,0.9259
112,mNG2_2_FITC.tif,125.4285,172.9865,53.0000,362.0000,0.8867,172.0000,1.2568,0.7956,0.8916
113,mNG2_2_FITC.tif,189.8377,152.5536,0.0000,260.0000,0.9725,151.0000,1.0385,0.9629,0.9218
114,mNG2_2_FITC.tif,325.4361,451.3021,132.0000,925.0000,0.9674,408.0000,1.0766,0.9289,0.9343
115,mNG2_2_FITC.tif,245.7720,182.7931,18.0000,320.0000,0.9050,194.0000,1.0716,0.9332,0.9236
116,mNG2_2_FITC.tif,620.3625,962.1038,265.0000,1991.0000,0.7945,839.0000,1.5285,0.6542,0.8862
117,mNG2_2_FITC.tif,171.1929,352.8218,97.0000,641.0000,0.8931,362.0000,1.0831,0.9233,0.8978
118,mNG2_2_FITC.tif,98.3088,180.3966,96.0000,322.0000,0.7481,169.0000,2.0856,0.4795,0.8467
119,mNG2_2_FITC.tif,410.1851,856.2066,166.0000,1992.0000,0.9244,733.0000,1.2935,0.7731,0.9398
120,mNG2_2_FITC.tif,457.6445,1769.9370,319.0000,4021.0000,0.9261,1524.0000,1.1924,0.8386,0.9408
121,mNG2_2_FITC.tif,208.4825,243.3171,58.0000,426.0000,0.8506,259.0000,1.8286,0.5469,0.9318
122,mNG2_2_FITC.tif,211.8724,331.2320,88.0000,602.0000,0.9293,306.0000,1.1992,0.8339,0.9091
123,mNG2_2_FITC.tif,193.2277,336.5877,133.0000,546.0000,0.9202,316.0000,1.3128,0.7617,0.9084
124,mNG2_2_FITC.tif,303.4013,452.0447,135.0000,1022.0000,0.7731,402.0000,1.4343,0.6972,0.8818
125,mNG2_2_FITC.tif,338.9959,610.2600,114.0000,1483.0000,0.9403,449.0000,1.0581,0.9451,0.9412
126,mNG2_2_FITC.tif,455.9495,798.5911,181.0000,1610.0000,0.9227,748.0000,1.1669,0.8570,0.9439
127,mNG2_2_FITC.tif,703.4165,1650.7783,603.0000,2693.0000,0.7899,1663.0000,1.3108,0.7629,0.8954
128,mNG2_2_FITC.tif,362.7256,771.9393,135.0000,1974.0000,0.9208,625.0000,1.1519,0.8682,0.9511
129,mNG2_2_FITC.tif,191.5327,316.1770,124.0000,525.0000,0.9282,310.0000,1.1023,0.9072,0.9150
130,mNG2_2_FITC.tif,479.6792,962.3498,206.0000,2450.0000,0.8957,797.0000,1.0939,0.9141,0.9264
131,mNG2_2_FITC.tif,322.0461,502.6053,152.0000,1140.0000,0.9667,420.0000,1.1561,0.8650,0.9406
132,mNG2_2_FITC.tif,366.1156,540.2407,109.0000,1285.0000,0.9413,440.0000,1.1682,0.8560,0.9371
133,mNG2_2_FITC.tif,137.2933,287.2840,155.0000,413.0000,0.9705,278.0000,1.1493,0.8701,0.9310
134,mNG2_2_FITC.tif,145.7682,716.2907,261.0000,1236.0000,0.9194,693.0000,1.0836,0.9229,0.8776
135,mNG2_2_FITC.tif,157.6331,141.6559,27.0000,285.0000,0.8439,137.0000,1.6258,0.6151,0.9118
136,mNG2_2_FITC.tif,210.1775,673.1452,256.0000,1103.0000,0.9329,682.0000,1.3868,0.7211,0.9185
137,mNG2_2_FITC.tif,725.4513,397.0935,91.0000,985.0000,0.7299,363.0000,1.1442,0.8740,0.9077
138,mNG2_2_FITC.tif,357.6407,924.0000,187.0000,2060.0000,0.9195,843.0000,1.0850,0.9217,0.9275
139,mNG2_2_FITC.tif,476.2893,459.9929,65.0000,954.0000,0.7467,437.0000,1.8693,0.5349,0.8978
140,mNG2_2_FITC.tif,316.9612,1943.7861,245.0000,4613.0000,0.9514,1622.0000,1.1636,0.8594,0.9373
141,mNG2_2_FITC.tif,166.1080,775.0714,326.0000,1276.0000,0.9180,766.0000,1.0217,0.9788,0.9202
142,mNG2_2_FITC.tif,242.3821,615.8741,272.0000,1061.0000,0.9264,589.0000,1.1389,0.8781,0.9226
143,mNG2_2_FITC.tif,249.1620,785.7959,184.0000,1427.0000,0.9524,763.0000,1.1027,0.9069,0.9363
144,mNG2_2_FITC.tif,125.4285,255.5946,53.0000,459.0000,0.9196,268.0000,1.2703,0.7872,0.9024
145,mNG2_2_FITC.tif,162.7180,365.4896,171.0000,553.0000,0.9113,367.0000,1.3263,0.7540,0.9275
146,mNG2_2_FITC.tif,93.2239,404.2182,142.0000,577.0000,0.9264,427.0000,1.1758,0.8505,0.9322
147,mNG2_2_FITC.tif,132.2084,220.4872,67.0000,394.0000,0.9072,213.0000,1.5567,0.6424,0.8814
148,mNG2_2_FITC.tif,415.2700,550.3918,166.0000,1208.0000,0.7339,524.0000,1.8021,0.5549,0.9041
149,mNG2_2_FITC.tif,132.2084,570.7564,383.0000,760.0000,0.9488,563.0000,1.3355,0.7488,0.9630
150,mNG2_2_FITC.tif,337.3009,573.3819,244.0000,910.0000,0.7732,574.0000,1.7294,0.5782,0.9025
151,mNG2_2_FITC.tif,255.9419,323.8013,127.0000,663.0000,0.8858,293.0000,1.4920,0.6702,0.9321
152,mNG2_2_FITC.tif,103.3938,323.0328,216.0000,437.0000,0.9919,326.0000,1.4067,0.7109,0.9173
153,mNG2_2_FITC.tif,266.1118,486.2930,181.0000,844.0000,0.9447,473.0000,1.2311,0.8123,0.9208
154,mNG2_2_FITC.tif,179.6678,745.9340,355.0000,1098.0000,0.8707,747.0000,1.3421,0.7451,0.8908
155,mNG2_2_FITC.tif,372.8955,326.0682,103.0000,556.0000,0.7607,319.0000,2.0029,0.4993,0.9072
156,mNG2_2_FITC.tif,415.2700,2476.5224,768.0000,4855.0000,0.8739,2251.0000,1.1220,0.8912,0.9091
157,mNG2_2_FITC.tif,303.4013,784.2011,185.0000,1647.0000,0.9197,692.0000,1.1655,0.8580,0.9275
158,mNG2_2_FITC.tif,261.0269,337.6883,43.0000,690.0000,0.9612,311.0000,1.1372,0.8794,0.9362
159,mNG2_2_FITC.tif,369.5055,1406.1606,412.0000,3062.0000,0.9019,1252.0000,1.2041,0.8305,0.9296
160,mNG2_2_FITC.tif,320.3511,517.2381,128.0000,1206.0000,0.9178,411.0000,1.1874,0.8422,0.9380
161,mNG2_2_FITC.tif,244.0771,1256.8958,545.0000,2108.0000,0.7873,1182.0000,1.4660,0.6821,0.8807
162,mNG2_2_FITC.tif,267.8068,544.7848,160.0000,952.0000,0.9366,529.0000,1.2053,0.8297,0.9377
163,mNG2_2_FITC.tif,111.8687,206.2879,87.0000,308.0000,0.8842,212.0000,1.3885,0.7202,0.8684
164,mNG2_2_FITC.tif,500.0190,2658.9424,646.0000,5628.0000,0.7423,2256.0000,1.2675,0.7890,0.8767
165,mNG2_2_FITC.tif,283.0616,1147.6168,290.0000,2469.0000,0.9415,1052.0000,1.1004,0.9088,0.9462
166,mNG2_2_FITC.tif,342.3859,510.5000,182.0000,874.0000,0.7147,506.0000,2.3028,0.4343,0.8707
167,mNG2_2_FITC.tif,161.0231,192.4947,90.0000,305.0000,0.9018,187.0000,1.4228,0.7028,0.9223
168,mNG2_2_FITC.tif,289.8415,275.4152,66.0000,510.0000,0.8225,268.0000,1.8597,0.5377,0.9169
169,mNG2_2_FITC.tif,422.0499,1510.1084,335.0000,3652.0000,0.9135,1253.0000,1.1766,0.8499,0.9361
170,mNG2_2_FITC.tif,235.6022,461.8058,132.0000,810.0000,0.9354,445.0000,1.1154,0.8965,0.9424
171,mNG2_2_FITC.tif,333.9110,972.1726,326.0000,1433.0000,0.8585,1007.0000,1.3854,0.7218,0.9142
172,mNG2_2_FITC.tif,208.4825,140.7967,57.0000,235.0000,0.8410,141.0000,1.4009,0.7139,0.8913
173,mNG2_2_FITC.tif,506.7989,872.5151,228.0000,1953.0000,0.6532,701.0000,2.2216,0.4501,0.8755
174,mNG2_2_FITC.tif,272.8917,554.4224,195.0000,1003.0000,0.8306,548.0000,1.7479,0.5721,0.9122
175,mNG2_2_FITC.tif,308.4863,2273.1319,522.0000,4478.0000,0.8477,2024.0000,1.2208,0.8191,0.8922
176,mNG2_2_FITC.tif,303.4013,1118.6648,414.0000,1914.0000,0.9107,1091.0000,1.2029,0.8313,0.9133
177,mNG2_2_FITC.tif,157.6331,261.7097,49.0000,524.0000,0.9425,239.0000,1.2395,0.8068,0.9208
178,mNG2_2_FITC.tif,94.9189,673.8929,405.0000,909.0000,0.9433,676.0000,1.2604,0.7934,0.9492
179,mNG2_2_FITC.tif,238.9921,278.6667,81.0000,596.0000,0.9641,274.0000,1.4243,0.7021,0.9431
180,mNG2_2_FITC.tif,138.9883,162.2683,29.0000,282.0000,0.9151,172.0000,1.3394,0.7466,0.9318
181,mNG2_2_FITC.tif,201.7026,298.9328,160.0000,503.0000,0.8804,292.0000,1.4603,0.6848,0.9261
182,mNG2_2_FITC.tif,284.7566,281.4286,85.0000,689.0000,0.9610,231.0000,1.2688,0.7881,0.9438
183,mNG2_2_FITC.tif,345.7758,458.9853,176.0000,905.0000,0.7135,411.0000,1.3976,0.7155,0.8793
184,mNG2_2_FITC.tif,344.0809,540.6552,174.0000,1122.0000,0.9332,456.0000,1.2940,0.7728,0.9486
185,mNG2_2_FITC.tif,91.5289,267.0000,122.0000,416.0000,1.0000,268.0000,1.3195,0.7579,0.9153
186,mNG2_2_FITC.tif,93.2239,827.3091,436.0000,1100.0000,1.0000,822.0000,1.3343,0.7495,0.9167
187,mNG2_2_FITC.tif,301.7064,673.1629,189.0000,1346.0000,0.9366,612.0000,1.2235,0.8173,0.9368
188,mNG2_2_FITC.tif,94.9189,467.5000,333.0000,603.0000,0.7797,472.0000,1.9627,0.5095,0.8485
189,mNG2_2_FITC.tif,269.5018,739.8679,332.0000,1441.0000,0.8872,636.0000,1.3245,0.7550,0.9217
190,mNG2_2_FITC.tif,205.0925,497.6777,217.0000,736.0000,0.7635,510.0000,1.5407,0.6491,0.8864
191,mNG2_2_FITC.tif,181.3628,405.5607,157.0000,738.0000,1.0000,376.0000,1.1513,0.8685,0.9345
192,mNG2_2_FITC.tif,362.7256,639.2897,126.0000,1222.0000,0.8776,570.0000,1.2946,0.7724,0.9087
193,mNG2_2_FITC.tif,359.3357,1667.3726,431.0000,3356.0000,0.9041,1544.0000,1.1313,0.8840,0.9298
194,mNG2_2_FITC.tif,352.5558,321.5721,77.0000,708.0000,0.6184,259.0000,1.9372,0.5162,0.8173
195,mNG2_2_FITC.tif,398.3202,287.1915,123.0000,534.0000,0.7414,271.0000,1.8180,0.5501,0.8868
196,mNG2_2_FITC.tif,279.6716,631.8545,272.0000,1109.0000,0.7862,604.0000,1.9442,0.5144,0.8824
197,mNG2_2_FITC.tif,252.5520,630.0671,342.0000,921.0000,0.7376,622.0000,1.4294,0.6996,0.8713
198,mNG2_2_FITC.tif,118.6486,408.3286,287.0000,516.0000,0.8387,419.0000,1.5706,0.6367,0.8917
199,mNG2_2_FITC.tif,218.6524,237.2171,73.0000,469.0000,0.9433,213.0000,1.1297,0.8852,0.9214
200,mNG2_2_FITC.tif,528.8336,395.4263,182.0000,821.0000,0.5903,364.0000,2.3378,0.4277,0.8072
201,mNG2_2_FITC.tif,152.5482,686.5778,270.0000,1174.0000,0.9566,631.0000,1.1074,0.9030,0.9278
202,mNG2_2_FITC.tif,283.0616,902.3054,379.0000,1617.0000,0.9415,823.0000,1.1760,0.8503,0.9543
203,mNG2_2_FITC.tif,335.6060,639.1212,199.0000,1110.0000,0.8222,626.0000,1.4802,0.6756,0.8899
204,mNG2_2_FITC.tif,325.4361,546.7031,132.0000,957.0000,0.9324,566.0000,1.1659,0.8577,0.9343
205,mNG2_2_FITC.tif,561.0382,482.4955,214.0000,844.0000,0.6680,480.0000,1.3544,0.7383,0.8327
206,mNG2_2_FITC.tif,267.8068,239.1266,52.0000,502.0000,0.6087,227.0000,1.5742,0.6353,0.8041
207,mNG2_2_FITC.tif,152.5482,770.3222,352.0000,1215.0000,0.9301,752.0000,1.0692,0.9352,0.8911
208,mNG2_2_FITC.tif,393.2353,1068.3491,250.0000,2516.0000,0.9598,901.0000,1.0653,0.9387,0.9431
209,mNG2_2_FITC.tif,83.0540,243.7143,63.0000,437.0000,0.9875,249.0000,1.1093,0.9014,0.8909
210,mNG2_2_FITC.tif,344.0809,602.8325,123.0000,1262.0000,0.9043,530.0000,1.4494,0.6899,0.9376
211,mNG2_2_FITC.tif,189.8377,367.5268,137.0000,570.0000,0.8778,394.0000,1.4161,0.7062,0.9032
212,mNG2_2_FITC.tif,225.4323,288.4436,87.0000,624.0000,0.9725,265.0000,1.1289,0.8858,0.9366
213,mNG2_2_FITC.tif,286.4515,681.5503,187.0000,1279.0000,0.9667,629.0000,1.1188,0.8938,0.9389
214,mNG2_2_FITC.tif,194.9227,633.9478,404.0000,807.0000,0.8176,644.0000,1.6184,0.6179,0.9020
215,mNG2_2_FITC.tif,449.1696,283.5321,101.0000,498.0000,0.6108,283.0000,1.2734,0.7853,0.7899
216,mNG2_2_FITC.tif,337.3009,1317.4271,370.0000,3023.0000,0.9356,1099.0000,1.2322,0.8115,0.9387
217,mNG2_2_FITC.tif,293.2315,436.4971,188.0000,733.0000,0.8716,439.0000,1.7604,0.5681,0.9326
218,mNG2_2_FITC.tif,476.2893,656.3772,237.0000,1537.0000,0.5792,514.0000,1.7302,0.5780,0.8253
219,mNG2_2_FITC.tif,116.9536,449.9565,286.0000,622.0000,0.9244,456.0000,1.4376,0.6956,0.8903
220,mNG2_2_FITC.tif,237.2971,1077.7571,304.0000,2011.0000,0.9316,999.0000,1.2112,0.8256,0.9150
221,mNG2_2_FITC.tif,416.9650,1714.4797,324.0000,4909.0000,0.9025,1283.0000,1.3439,0.7441,0.9389
222,mNG2_2_FITC.tif,284.7566,277.5357,82.0000,459.0000,0.7753,284.0000,1.6992,0.5885,0.8660
223,mNG2_2_FITC.tif,203.3975,596.8500,266.0000,926.0000,0.9568,577.0000,1.1702,0.8546,0.9195
224,mNG2_2_FITC.tif,198.3126,592.3675,211.0000,908.0000,0.9444,600.0000,1.2568,0.7957,0.9176
225,mNG2_2_FITC.tif,116.9536,573.3623,405.0000,776.0000,0.9608,566.0000,1.1343,0.8816,0.8961
226,mNG2_2_FITC.tif,440.6947,497.0115,169.0000,966.0000,0.8140,451.0000,1.7609,0.5679,0.9302
227,mNG2_2_FITC.tif,147.4632,353.3333,161.0000,526.0000,0.9118,357.0000,1.5437,0.6478,0.9016
228,mNG2_2_FITC.tif,384.7604,1227.1322,218.0000,2869.0000,0.9195,1056.0000,1.3050,0.7663,0.9439
229,mNG2_2_FITC.tif,381.3704,540.4267,114.0000,1279.0000,0.9035,455.0000,1.1826,0.8456,0.9202
230,mNG2_2_FITC.tif,169.4980,366.3500,84.0000,1186.0000,0.9674,270.0000,1.1141,0.8976,0.9132
231,mNG2_2_FITC.tif,227.1273,908.0672,411.0000,1552.0000,0.8586,828.0000,1.0836,0.9228,0.8845
232,mNG2_2_FITC.tif,184.7528,496.6055,117.0000,996.0000,0.8908,459.0000,1.2237,0.8172,0.9198
233,mNG2_2_FITC.tif,193.2277,567.5614,286.0000,889.0000,0.9482,565.0000,1.1819,0.8461,0.9231
234,mNG2_2_FITC.tif,640.7023,1034.1138,277.0000,2041.0000,0.6853,988.0000,1.1343,0.8816,0.8660
235,mNG2_2_FITC.tif,366.1156,493.9630,226.0000,876.0000,0.8321,454.0000,1.4859,0.6730,0.9191
236,mNG2_2_FITC.tif,98.3088,570.7759,352.0000,738.0000,0.9046,582.0000,1.0950,0.9133,0.8855
237,mNG2_2_FITC.tif,262.7218,1141.9032,333.0000,2099.0000,0.8237,1106.0000,1.2339,0.8105,0.8934
238,mNG2_2_FITC.tif,138.9883,264.4512,104.0000,428.0000,0.8040,262.0000,1.9875,0.5032,0.8962
239,mNG2_2_FITC.tif,208.4825,387.1220,175.0000,564.0000,0.8745,399.0000,1.1697,0.8549,0.8978
240,mNG2_2_FITC.tif,98.3088,441.7759,214.0000,653.0000,0.9842,459.0000,1.1647,0.8586,0.8923
241,mNG2_2_FITC.tif,279.6716,947.8848,302.0000,1453.0000,0.9075,981.0000,1.1340,0.8818,0.9456
242,mNG2_2_FITC.tif,118.6486,451.9143,212.0000,638.0000,0.9528,477.0000,1.1870,0.8425,0.9211
243,mNG2_2_FITC.tif,203.3975,630.0750,299.0000,1134.0000,0.9520,588.0000,1.2453,0.8030,0.9486
244,mNG2_2_FITC.tif,142.3783,193.4167,73.0000,309.0000,0.9374,197.0000,1.1208,0.8922,0.9333
245,mNG2_2_FITC.tif,286.4515,325.8521,117.0000,534.0000,0.8683,315.0000,1.4170,0.7057,0.9210
246,mNG2_2_FITC.tif,118.6486,346.7714,139.0000,525.0000,0.9906,342.0000,1.1381,0.8787,0.9211
247,mNG2_2_FITC.tif,333.9110,791.6497,103.0000,1988.0000,0.9697,665.0000,1.0360,0.9652,0.9381
248,mNG2_2_FITC.tif,188.1427,1147.9369,358.0000,2204.0000,0.8851,1105.0000,1.1211,0.8920,0.8775
249,mNG2_2_FITC.tif,103.3938,194.9508,91.0000,297.0000,0.7992,197.0000,2.1286,0.4698,0.9104
250,mNG2_2_FITC.tif,244.0771,248.8819,60.0000,626.0000,0.9227,195.0000,1.4049,0.7118,0.9231
251,mNG2_2_FITC.tif,489.8491,1322.0554,418.0000,2535.0000,0.7550,1259.0000,2.0924,0.4779,0.9160
252,mNG2_2_FITC.tif,228.8222,1502.1556,517.0000,2672.0000,0.9380,1463.0000,1.1158,0.8963,0.9122
253,mNG2_2_FITC.tif,250.8570,424.2635,110.0000,861.0000,0.9588,393.0000,1.0859,0.9209,0.9397
254,mNG2_2_FITC.tif,359.3357,494.6509,192.0000,911.0000,0.8337,455.0000,1.5597,0.6412,0.9177
255,mNG2_2_FITC.tif,320.3511,1733.5820,499.0000,3698.0000,0.9616,1508.0000,1.1722,0.8531,0.9403
256,mNG2_2_FITC.tif,320.3511,711.9894,165.0000,1393.0000,0.8886,622.0000,1.3718,0.7290,0.9175
257,mNG2_2_FITC.tif,108.4787,177.3750,97.0000,310.0000,0.9206,182.0000,1.3182,0.7586,0.9143
258,mNG2_2_FITC.tif,694.9416,1723.2634,515.0000,3733.0000,0.7146,1634.0000,1.5470,0.6464,0.8454
259,mNG2_2_FITC.tif,271.1967,439.2375,106.0000,840.0000,0.9386,419.0000,1.1690,0.8554,0.9249
260,mNG2_2_FITC.tif,223.7373,469.4091,174.0000,887.0000,0.9385,419.0000,1.2145,0.8234,0.9296
261,mNG2_2_FITC.tif,413.5750,1339.0410,380.0000,2825.0000,0.8633,1241.0000,1.3691,0.7304,0.9121
262,mNG2_2_FITC.tif,781.3856,1686.7939,441.0000,2802.0000,0.8358,1740.0000,1.6331,0.6123,0.9360
263,mNG2_2_FITC.tif,310.1813,278.4809,61.0000,537.0000,0.8887,265.0000,1.5009,0.6663,0.9313
264,mNG2_2_FITC.tif,159.3281,469.2128,223.0000,818.0000,0.9526,443.0000,1.1412,0.8763,0.9261
265,mNG2_2_FITC.tif,174.5829,1178.8058,530.0000,1794.0000,0.9059,1192.0000,1.1820,0.8460,0.9156
266,mNG2_2_FITC.tif,261.0269,811.5130,260.0000,1579.0000,0.9612,754.0000,1.2431,0.8044,0.9390
267,mNG2_2_FITC.tif,447.4746,2808.6591,548.0000,6306.0000,0.9233,2438.0000,1.3492,0.7412,0.9479
268,mNG2_2_FITC.tif,147.4632,173.0805,92.0000,295.0000,0.8416,170.0000,1.5967,0.6263,0.8923
269,mNG2_2_FITC.tif,206.7875,410.3689,123.0000,799.0000,0.9848,354.0000,1.1147,0.8971,0.9421
270,mNG2_2_FITC.tif,140.6833,223.3373,106.0000,376.0000,1.0000,217.0000,1.1007,0.9085,0.9171
271,mNG2_2_FITC.tif,145.7682,389.2326,209.0000,556.0000,0.9942,381.0000,1.1543,0.8663,0.9503
272,mNG2_2_FITC.tif,213.5674,156.0476,79.0000,227.0000,0.6411,156.0000,1.5914,0.6284,0.8000
273,mNG2_2_FITC.tif,174.5829,429.7670,204.0000,652.0000,0.9964,423.0000,1.1338,0.8820,0.9279
274,mNG2_2_FITC.tif,166.1080,403.6735,136.0000,647.0000,0.8893,410.0000,1.2725,0.7859,0.9032
275,mNG2_2_FITC.tif,262.7218,956.9806,331.0000,1556.0000,0.9327,914.0000,1.2078,0.8280,0.9226
276,mNG2_2_FITC.tif,316.9612,1901.1016,544.0000,3911.0000,0.8995,1684.0000,1.2336,0.8106,0.9189
277,mNG2_2_FITC.tif,213.5674,987.4286,396.0000,1846.0000,1.0000,939.0000,1.1052,0.9048,0.9438
278,mNG2_2_FITC.tif,359.3357,804.0425,364.0000,1430.0000,0.8513,777.0000,1.3849,0.7221,0.9158
279,mNG2_2_FITC.tif,676.2969,1176.3383,442.0000,2525.0000,0.5328,987.0000,1.6473,0.6071,0.7733
280,mNG2_2_FITC.tif,191.5327,336.0354,117.0000,523.0000,0.9517,344.0000,1.2383,0.8075,0.9224
281,mNG2_2_FITC.tif,664.4320,1575.8138,421.0000,3738.0000,0.7417,1340.0000,1.5270,0.6549,0.8869
282,mNG2_2_FITC.tif,337.3009,218.0754,57.0000,506.0000,0.9269,200.0000,1.3944,0.7172,0.9321
283,mNG2_2_FITC.tif,89.8339,444.8679,224.0000,617.0000,0.9567,464.0000,1.1661,0.8576,0.8908
284,mNG2_2_FITC.tif,140.6833,326.9759,190.0000,495.0000,0.9945,326.0000,1.2104,0.8262,0.9379
285,mNG2_2_FITC.tif,177.9729,421.9048,93.0000,830.0000,0.9835,378.0000,1.1775,0.8492,0.9251
286,mNG2_2_FITC.tif,342.3859,1240.6436,338.0000,2536.0000,0.9250,1141.0000,1.0996,0.9094,0.9642
287,mNG2_2_FITC.tif,130.5134,269.2597,113.0000,388.0000,0.9089,270.0000,1.5771,0.6341,0.9059
288,mNG2_2_FITC.tif,200.0076,331.1102,207.0000,512.0000,0.8528,330.0000,1.7120,0.5841,0.8906
289,mNG2_2_FITC.tif,279.6716,316.7333,115.0000,620.0000,0.6912,310.0000,2.2158,0.4513,0.8397
290,mNG2_2_FITC.tif,305.0963,752.5611,360.0000,1073.0000,0.8860,782.0000,1.5600,0.6410,0.9231
291,mNG2_2_FITC.tif,518.6638,764.4216,318.0000,1620.0000,0.6923,675.0000,1.1287,0.8860,0.8488
292,mNG2_2_FITC.tif,147.4632,444.1494,239.0000,709.0000,0.8991,441.0000,1.1474,0.8715,0.8832
293,mNG2_2_FITC.tif,554.2583,1146.4924,407.0000,2326.0000,0.6542,1071.0000,1.3227,0.7561,0.8289
294,mNG2_2_FITC.tif,716.9764,810.0165,266.0000,1976.0000,0.6889,678.0000,1.4949,0.6690,0.8659
295,mNG2_2_FITC.tif,318.6562,1048.8723,350.0000,2049.0000,0.9343,972.0000,1.0882,0.9189,0.9284
296,mNG2_2_FITC.tif,100.0038,411.5593,186.0000,623.0000,0.9594,403.0000,1.0917,0.9160,0.8939
297,mNG2_2_FITC.tif,144.0733,613.8588,338.0000,820.0000,0.7962,615.0000,1.2199,0.8197,0.8763
298,mNG2_2_FITC.tif,244.0771,226.7153,30.0000,420.0000,0.9476,218.0000,1.2290,0.8137,0.9231
299,mNG2_2_FITC.tif,862.7446,1888.5737,603.0000,4344.0000,0.6109,1687.0000,1.5753,0.6348,0.8519
300,mNG2_2_FITC.tif,311.8762,925.1630,435.0000,1451.0000,0.8971,926.0000,1.1625,0.8602,0.9109
301,mNG2_2_FITC.tif,298.3164,690.7330,303.0000,1232.0000,0.9079,629.0000,1.1876,0.8420,0.9119
302,mNG2_2_FITC.tif,127.1235,243.8800,101.0000,362.0000,0.9674,247.0000,1.0520,0.9506,0.9036
303,mNG2_2_FITC.tif,266.1118,439.1529,186.0000,818.0000,0.9210,418.0000,1.3705,0.7296,0.9235
304,mNG2_2_FITC.tif,123.7335,436.1233,177.0000,637.0000,0.8316,466.0000,1.3021,0.7680,0.8743
305,mNG2_2_FITC.tif,198.3126,486.7692,148.0000,967.0000,0.9854,449.0000,1.0372,0.9642,0.9398
306,mNG2_2_FITC.tif,511.8838,668.5000,214.0000,1340.0000,0.7890,668.0000,1.4763,0.6774,0.9193
307,mNG2_2_FITC.tif,271.1967,348.0688,83.0000,784.0000,0.9485,300.0000,1.1591,0.8628,0.9384
308,mNG2_2_FITC.tif,547.4784,777.4520,302.0000,1591.0000,0.7167,681.0000,1.6945,0.5901,0.8886
309,mNG2_2_FITC.tif,962.7484,768.4595,358.0000,1344.0000,0.5471,770.0000,1.1121,0.8992,0.8108
310,mNG2_2_FITC.tif,345.7758,945.5000,444.0000,1526.0000,0.7793,942.0000,1.6257,0.6151,0.8947
311,mNG2_2_FITC.tif,594.9378,1530.2963,476.0000,3022.0000,0.7571,1455.0000,1.9239,0.5198,0.8977
312,mNG2_2_FITC.tif,301.7064,682.3371,295.0000,1259.0000,0.9499,637.0000,1.3375,0.7476,0.9344
313,mNG2_2_FITC.tif,359.3357,770.1226,263.0000,1589.0000,0.8771,685.0000,1.3574,0.7367,0.9237
314,mNG2_2_FITC.tif,159.3281,145.1277,91.0000,226.0000,0.9217,141.0000,1.4353,0.6967,0.9447
315,mNG2_2_FITC.tif,894.9492,984.5473,472.0000,2107.0000,0.4554,913.0000,1.2419,0.8052,0.6947
316,mNG2_2_FITC.tif,211.8724,551.4720,204.0000,1011.0000,0.9404,523.0000,1.2058,0.8293,0.9124
317,mNG2_2_FITC.tif,245.7720,1008.9586,323.0000,1851.0000,0.8913,976.0000,1.4741,0.6784,0.9446
318,mNG2_2_FITC.tif,101.6988,339.5833,192.0000,550.0000,0.9358,333.0000,1.4705,0.6800,0.9160
319,mNG2_2_FITC.tif,237.2971,1183.9000,450.0000,1922.0000,0.9029,1207.0000,1.0671,0.9371,0.9622
320,mNG2_2_FITC.tif,137.2933,436.7654,266.0000,582.0000,0.9705,440.0000,1.0494,0.9530,0.9310
321,mNG2_2_FITC.tif,364.4206,1016.7116,241.0000,2241.0000,0.9577,864.0000,1.0738,0.9313,0.9389
322,mNG2_2_FITC.tif,586.4629,494.2890,171.0000,1146.0000,0.7304,427.0000,1.4390,0.6949,0.8650
323,mNG2_2_FITC.tif,423.7449,962.8320,374.0000,1909.0000,0.6710,935.0000,1.3395,0.7465,0.8183
324,mNG2_2_FITC.tif,328.8260,491.4227,192.0000,915.0000,0.8564,443.0000,1.4686,0.6809,0.9129
325,mNG2_2_FITC.tif,315.2662,645.9194,277.0000,1134.0000,0.8664,616.0000,1.4368,0.6960,0.9051
326,mNG2_2_FITC.tif,198.3126,174.1795,72.0000,265.0000,0.7664,177.0000,2.1762,0.4595,0.9286
327,mNG2_2_FITC.tif,252.5520,757.4564,162.0000,1404.0000,0.9548,714.0000,1.3199,0.7576,0.9342
328,mNG2_2_FITC.tif,494.9340,1010.4760,425.0000,1784.0000,0.6226,1010.0000,2.4943,0.4009,0.8307
329,mNG2_2_FITC.tif,298.3164,227.2614,60.0000,388.0000,0.9721,239.0000,1.0585,0.9447,0.9387
330,mNG2_2_FITC.tif,325.4361,866.8802,302.0000,1651.0000,0.9542,804.0000,1.1142,0.8975,0.9481
331,mNG2_2_FITC.tif,291.5365,1200.9535,417.0000,2307.0000,0.8433,1111.0000,1.1044,0.9055,0.9373
332,mNG2_2_FITC.tif,116.9536,356.6667,215.0000,507.0000,0.9392,365.0000,1.2932,0.7733,0.9020
333,mNG2_2_FITC.tif,510.1889,571.8571,191.0000,1133.0000,0.6476,509.0000,1.4730,0.6789,0.8179
334,mNG2_2_FITC.tif,172.8879,164.0980,47.0000,326.0000,0.6270,164.0000,2.6573,0.3763,0.8361
335,mNG2_2_FITC.tif,686.4667,623.0667,155.0000,1733.0000,0.7447,501.0000,1.9975,0.5006,0.8960
336,mNG2_2_FITC.tif,118.6486,376.8286,310.0000,450.0000,0.8568,376.0000,1.4862,0.6728,0.8589
337,mNG2_2_FITC.tif,472.8993,695.0000,184.0000,1230.0000,0.8802,674.0000,1.4161,0.7062,0.9394
338,mNG2_2_FITC.tif,176.2779,783.9904,394.0000,1057.0000,0.7605,796.0000,2.0507,0.4876,0.8739
339,mNG2_2_FITC.tif,155.9381,410.7935,190.0000,614.0000,0.7888,413.0000,1.9686,0.5080,0.8598
340,mNG2_2_FITC.tif,305.0963,962.3278,406.0000,1559.0000,0.9158,958.0000,1.2926,0.7736,0.9326
341,mNG2_2_FITC.tif,615.2776,863.8760,309.0000,1373.0000,0.5695,852.0000,1.7384,0.5752,0.7798
342,mNG2_2_FITC.tif,335.6060,577.8535,246.0000,859.0000,0.8901,567.0000,1.3961,0.7163,0.9362
343,mNG2_2_FITC.tif,423.7449,1097.4080,346.0000,2125.0000,0.6360,956.0000,2.0785,0.4811,0.8636
344,mNG2_2_FITC.tif,313.5712,545.7243,285.0000,1053.0000,0.8780,461.0000,1.3749,0.7273,0.9343
345,mNG2_2_FITC.tif,584.7680,1891.3565,588.0000,3876.0000,0.8210,1843.0000,1.4089,0.7098,0.8949
346,mNG2_2_FITC.tif,408.4901,1472.4772,371.0000,3453.0000,0.9206,1240.0000,1.4020,0.7133,0.9414
347,mNG2_2_FITC.tif,142.3783,364.0357,167.0000,487.0000,0.9916,375.0000,1.1804,0.8472,0.9180
348,mNG2_2_FITC.tif,355.9457,671.5143,357.0000,1080.0000,0.8765,638.0000,1.5754,0.6348,0.9438
349,mNG2_2_FITC.tif,362.7256,295.6729,67.0000,552.0000,0.9242,274.0000,1.0774,0.9282,0.9244
350,mNG2_2_FITC.tif,193.2277,324.9035,189.0000,551.0000,0.9202,318.0000,1.1207,0.8923,0.8976
351,mNG2_2_FITC.tif,369.5055,1087.4174,310.0000,2109.0000,0.7418,1006.0000,1.5097,0.6624,0.8685
352,mNG2_2_FITC.tif,496.6290,801.5563,303.0000,1323.0000,0.7475,807.0000,1.4822,0.6747,0.8694
353,mNG2_2_FITC.tif,605.1077,1551.2717,543.0000,2899.0000,0.5925,1517.0000,1.3924,0.7182,0.7907
354,mNG2_2_FITC.tif,501.7140,1512.7703,682.0000,2801.0000,0.6392,1442.0000,2.3730,0.4214,0.8876
355,mNG2_2_FITC.tif,155.9381,309.0543,186.0000,431.0000,0.9778,311.0000,1.1028,0.9067,0.9436
356,mNG2_2_FITC.tif,127.1235,204.2667,115.0000,299.0000,0.9321,196.0000,1.2995,0.7695,0.9146
357,mNG2_2_FITC.tif,454.2545,903.2276,311.0000,1938.0000,0.7554,778.0000,1.6962,0.5896,0.8787
358,mNG2_2_FITC.tif,344.0809,823.6897,169.0000,1731.0000,0.9161,707.0000,1.1375,0.8791,0.9206
359,mNG2_2_FITC.tif,93.2239,488.5091,221.0000,679.0000,0.9502,488.0000,1.5324,0.6526,0.9322
360,mNG2_2_FITC.tif,93.2239,246.8182,121.0000,331.0000,0.9928,259.0000,1.1369,0.8796,0.9091
361,mNG2_2_FITC.tif,135.5984,573.2875,366.0000,782.0000,0.9586,572.0000,1.2574,0.7953,0.9195
362,mNG2_2_FITC.tif,337.3009,610.1558,225.0000,1055.0000,0.8946,560.0000,1.3523,0.7395,0.9321
363,mNG2_2_FITC.tif,91.5289,165.7222,96.0000,274.0000,0.9499,159.0000,1.2833,0.7792,0.9391
364,mNG2_2_FITC.tif,238.9921,1476.9362,518.0000,2596.0000,0.8937,1460.0000,1.1281,0.8864,0.8981
365,mNG2_2_FITC.tif,249.1620,692.4286,379.0000,1026.0000,0.8807,703.0000,1.3991,0.7147,0.9423
366,mNG2_2_FITC.tif,130.5134,194.3117,94.0000,329.0000,0.9569,186.0000,1.2277,0.8145,0.9112
367,mNG2_2_FITC.tif,88.1389,193.7115,110.0000,301.0000,0.9387,194.0000,1.2034,0.8310,0.8889
368,mNG2_2_FITC.tif,130.5134,171.8831,110.0000,297.0000,0.8470,169.0000,1.7625,0.5674,0.9006
369,mNG2_2_FITC.tif,284.7566,1453.4405,507.0000,2417.0000,0.9185,1467.0000,1.1816,0.8463,0.9155
370,mNG2_2_FITC.tif,330.5210,305.1026,58.0000,697.0000,0.9380,299.0000,1.3696,0.7301,0.9443
371,mNG2_2_FITC.tif,152.5482,373.1889,199.0000,533.0000,0.7486,366.0000,1.8070,0.5534,0.8491
372,mNG2_2_FITC.tif,305.0963,193.3000,0.0000,340.0000,0.9471,200.0000,1.0329,0.9682,0.9449
373,mNG2_2_FITC.tif,520.3587,835.5961,313.0000,1697.0000,0.8872,764.0000,1.2614,0.7928,0.9534
374,mNG2_2_FITC.tif,296.6214,307.5143,94.0000,542.0000,0.9339,285.0000,1.3289,0.7525,0.9284
375,mNG2_2_FITC.tif,506.7989,733.9866,310.0000,1639.0000,0.7757,609.0000,1.2710,0.7868,0.8781
376,mNG2_2_FITC.tif,342.3859,794.3317,289.0000,1581.0000,0.8803,695.0000,1.4234,0.7026,0.9266
377,mNG2_2_FITC.tif,203.3975,171.7417,78.0000,250.0000,0.8774,167.0000,1.3985,0.7151,0.9231
378,mNG2_2_FITC.tif,452.5595,2040.1273,551.0000,4254.0000,0.9338,1792.0000,1.1088,0.9019,0.9418
379,mNG2_2_FITC.tif,481.3742,454.2535,167.0000,836.0000,0.8005,423.0000,1.3567,0.7371,0.9045
380,mNG2_2_FITC.tif,150.8532,164.5843,80.0000,288.0000,0.9020,160.0000,1.4573,0.6862,0.9082
381,mNG2_2_FITC.tif,225.4323,295.0902,128.0000,543.0000,0.7919,297.0000,1.3408,0.7458,0.8636
382,mNG2_2_FITC.tif,191.5327,1693.1416,889.0000,2710.0000,0.8603,1678.0000,1.2051,0.8298,0.9004
383,mNG2_2_FITC.tif,210.1775,606.7823,236.0000,1087.0000,0.9219,587.0000,1.2267,0.8152,0.8986
384,mNG2_2_FITC.tif,284.7566,1932.7500,912.0000,2869.0000,0.8081,1905.0000,1.7702,0.5649,0.9008
385,mNG2_2_FITC.tif,91.5289,166.9444,46.0000,297.0000,0.9163,166.0000,1.6566,0.6037,0.8926
386,mNG2_2_FITC.tif,308.4863,1679.8022,622.0000,3219.0000,0.9389,1534.0000,1.0956,0.9128,0.9215
387,mNG2_2_FITC.tif,337.3009,1750.7688,1021.0000,2633.0000,0.8233,1741.0000,1.3665,0.7318,0.8944
388,mNG2_2_FITC.tif,220.3473,849.5385,321.0000,1500.0000,0.9243,852.0000,1.0611,0.9424,0.9286
389,mNG2_2_FITC.tif,338.9959,262.7150,62.0000,594.0000,0.8348,253.0000,1.7438,0.5735,0.9368
390,mNG2_2_FITC.tif,406.7951,2469.6167,825.0000,4033.0000,0.8602,2469.0000,1.4970,0.6680,0.9600
391,mNG2_2_FITC.tif,171.1929,141.9010,29.0000,233.0000,0.8770,146.0000,1.6545,0.6044,0.9140
392,mNG2_2_FITC.tif,159.3281,173.6915,0.0000,406.0000,0.9093,171.0000,1.3908,0.7190,0.8910
393,mNG2_2_FITC.tif,301.7064,477.0056,223.0000,1256.0000,0.8448,458.0000,1.8074,0.5533,0.9295
394,mNG2_2_FITC.tif,200.0076,721.1271,349.0000,1088.0000,0.8628,729.0000,1.1072,0.9032,0.8773
395,mNG2_2_FITC.tif,296.6214,1446.7943,349.0000,3362.0000,0.9528,1245.0000,1.0625,0.9412,0.9459
396,mNG2_2_FITC.tif,286.4515,1231.6391,368.0000,2219.0000,0.9109,1205.0000,1.3277,0.7532,0.9311
397,mNG2_2_FITC.tif,186.4478,201.1273,89.0000,315.0000,0.9853,202.0000,1.1283,0.8863,0.9244
398,mNG2_2_FITC.tif,122.0385,401.5278,221.0000,503.0000,0.9800,424.0000,1.1275,0.8869,0.9290
399,mNG2_2_FITC.tif,403.4051,679.1933,266.0000,1113.0000,0.7371,677.0000,1.9768,0.5059,0.9101
400,mNG2_2_FITC.tif,96.6138,185.2632,19.0000,341.0000,0.9044,185.0000,1.5152,0.6600,0.9194
401,mNG2_2_FITC.tif,450.8646,1097.1541,244.0000,2508.0000,0.7018,992.0000,1.7609,0.5679,0.8553
402,mNG2_2_FITC.tif,257.6369,1760.1711,746.0000,2975.0000,0.8695,1637.0000,1.4502,0.6896,0.9129
403,mNG2_2_FITC.tif,152.5482,368.9778,180.0000,505.0000,0.9760,370.0000,1.2214,0.8187,0.9137
404,mNG2_2_FITC.tif,513.5788,1029.0132,359.0000,1805.0000,0.7603,1013.0000,1.6427,0.6088,0.9196
405,mNG2_2_FITC.tif,333.9110,1363.9036,401.0000,2765.0000,0.8585,1266.0000,1.1629,0.8599,0.9099
406,mNG2_2_FITC.tif,110.1737,340.8615,238.0000,492.0000,0.9571,332.0000,1.1423,0.8755,0.8904
407,mNG2_2_FITC.tif,396.6252,1448.6966,434.0000,3249.0000,0.6957,1244.0000,1.4443,0.6924,0.8509
408,mNG2_2_FITC.tif,432.2198,1720.0941,685.0000,3418.0000,0.8512,1552.0000,1.2928,0.7735,0.9173
409,mNG2_2_FITC.tif,279.6716,1361.6909,527.0000,2496.0000,0.9781,1273.0000,1.0812,0.9249,0.9483
410,mNG2_2_FITC.tif,120.3435,322.4648,182.0000,503.0000,0.9664,317.0000,1.1360,0.8803,0.9221
411,mNG2_2_FITC.tif,440.6947,2654.6808,1157.0000,4052.0000,0.8422,2659.0000,1.2295,0.8133,0.9302
412,mNG2_2_FITC.tif,481.3742,1129.3486,493.0000,2017.0000,0.7419,1100.0000,2.1169,0.4724,0.9073
413,mNG2_2_FITC.tif,238.9921,1437.1773,640.0000,2512.0000,0.9035,1393.0000,1.2013,0.8324,0.9010
414,mNG2_2_FITC.tif,725.4513,2033.2196,640.0000,4098.0000,0.7258,1963.0000,1.4279,0.7003,0.8726
415,mNG2_2_FITC.tif,384.7604,1449.4846,322.0000,3404.0000,0.9309,1205.0000,1.2025,0.8316,0.9303
416,mNG2_2_FITC.tif,277.9767,1497.7927,702.0000,2463.0000,0.8151,1478.0000,1.2792,0.7817,0.9086
417,mNG2_2_FITC.tif,162.7180,184.9792,115.0000,288.0000,0.9921,183.0000,1.1633,0.8596,0.9143
418,mNG2_2_FITC.tif,122.0385,689.6389,397.0000,900.0000,0.9086,724.0000,1.0521,0.9505,0.9057
419,mNG2_2_FITC.tif,240.6871,736.3099,286.0000,1495.0000,0.9099,685.0000,1.1311,0.8841,0.9045
420,mNG2_2_FITC.tif,283.0616,542.2216,162.0000,994.0000,0.9455,533.0000,1.1555,0.8654,0.9304
421,mNG2_2_FITC.tif,232.2122,751.8467,309.0000,1277.0000,0.9016,720.0000,1.2171,0.8216,0.9013
422,mNG2_2_FITC.tif,554.2583,1416.4465,340.0000,2593.0000,0.8993,1386.0000,1.3942,0.7173,0.9343
423,mNG2_2_FITC.tif,455.9495,759.0149,321.0000,1507.0000,0.8580,680.0000,1.3610,0.7348,0.9260
424,mNG2_2_FITC.tif,191.5327,974.4690,427.0000,1346.0000,0.6946,1022.0000,2.1086,0.4743,0.8760
425,mNG2_2_FITC.tif,111.8687,406.1970,253.0000,546.0000,0.9882,410.0000,1.1293,0.8855,0.9296
426,mNG2_2_FITC.tif,108.4787,167.8281,94.0000,275.0000,0.9424,164.0000,1.4229,0.7028,0.8889
427,mNG2_2_FITC.tif,269.5018,1873.7799,826.0000,3268.0000,0.8693,1761.0000,1.2832,0.7793,0.9060
428,mNG2_2_FITC.tif,245.7720,913.1931,362.0000,1510.0000,0.9050,880.0000,1.2272,0.8148,0.9236
429,mNG2_2_FITC.tif,547.4784,574.7059,180.0000,1006.0000,0.6905,567.0000,2.0095,0.4976,0.8478
430,mNG2_2_FITC.tif,486.4591,864.6202,396.0000,1410.0000,0.7551,839.0000,1.7731,0.5640,0.9184
431,mNG2_2_FITC.tif,400.0152,540.0636,211.0000,1053.0000,0.7852,518.0000,1.6031,0.6238,0.9165
432,mNG2_2_FITC.tif,281.3666,983.6386,469.0000,1557.0000,0.7631,983.0000,1.3248,0.7549,0.8853
433,mNG2_2_FITC.tif,305.0963,871.3167,299.0000,1449.0000,0.9069,871.0000,1.4627,0.6837,0.9207
434,mNG2_2_FITC.tif,105.0887,828.0000,474.0000,1099.0000,0.9067,837.0000,1.4829,0.6744,0.9466
435,mNG2_2_FITC.tif,150.8532,658.9213,252.0000,1025.0000,0.9020,668.0000,1.2075,0.8282,0.8990
436,mNG2_2_FITC.tif,164.4130,331.6598,105.0000,610.0000,0.9086,337.0000,1.1757,0.8506,0.9065
437,mNG2_2_FITC.tif,296.6214,1058.6000,360.0000,1882.0000,0.9433,1005.0000,1.2659,0.7899,0.9358
438,mNG2_2_FITC.tif,155.9381,453.2065,242.0000,676.0000,0.9642,460.0000,1.2468,0.8020,0.9154
439,mNG2_2_FITC.tif,496.6290,1132.3549,224.0000,2160.0000,0.8034,1079.0000,1.9762,0.5060,0.9302
440,mNG2_2_FITC.tif,218.6524,752.7519,243.0000,1353.0000,0.9433,713.0000,1.2137,0.8239,0.9214
441,mNG2_2_FITC.tif,471.2043,684.1871,248.0000,1184.0000,0.8265,664.0000,1.3483,0.7417,0.9070
442,mNG2_2_FITC.tif,486.4591,625.3415,148.0000,1211.0000,0.8570,579.0000,1.7664,0.5661,0.9519
443,mNG2_2_FITC.tif,440.6947,1752.0538,460.0000,3863.0000,0.9350,1571.0000,1.1046,0.9053,0.9455
444,mNG2_2_FITC.tif,267.8068,398.7278,164.0000,880.0000,0.9268,339.0000,1.0934,0.9146,0.9322
445,mNG2_2_FITC.tif,240.6871,1408.9014,578.0000,2587.0000,0.9302,1359.0000,1.3847,0.7222,0.9627
446,mNG2_2_FITC.tif,155.9381,308.5000,151.0000,477.0000,0.9021,319.0000,1.4516,0.6889,0.9246
447,mNG2_2_FITC.tif,261.0269,655.5325,273.0000,1226.0000,0.8719,658.0000,1.4436,0.6927,0.9139
448,mNG2_2_FITC.tif,228.8222,600.3407,326.0000,1053.0000,0.8123,576.0000,1.6271,0.6146,0.8738
449,mNG2_2_FITC.tif,135.5984,289.3125,172.0000,413.0000,0.8675,298.0000,1.1451,0.8733,0.8791
450,mNG2_2_FITC.tif,286.4515,632.9822,359.0000,1040.0000,0.8129,607.0000,1.4284,0.7001,0.8802
451,mNG2_2_FITC.tif,411.8800,2203.9959,434.0000,5830.0000,0.9362,1855.0000,1.1301,0.8849,0.9419
452,mNG2_2_FITC.tif,288.1465,1271.6471,448.0000,2406.0000,0.9486,1192.0000,1.1509,0.8689,0.9366
453,mNG2_2_FITC.tif,166.1080,872.3776,392.0000,1324.0000,0.9129,862.0000,1.3589,0.7359,0.9655
454,mNG2_2_FITC.tif,388.1503,1437.2402,452.0000,3175.0000,0.9276,1245.0000,1.2313,0.8122,0.9405
455,mNG2_2_FITC.tif,272.8917,814.6646,252.0000,1611.0000,0.9444,742.0000,1.1286,0.8860,0.9226
456,mNG2_2_FITC.tif,138.9883,394.3415,226.0000,531.0000,1.0000,404.0000,1.1745,0.8514,0.9371
457,mNG2_2_FITC.tif,318.6562,1082.6915,408.0000,2042.0000,0.9434,978.0000,1.1404,0.8769,0.9495
458,mNG2_2_FITC.tif,210.1775,537.5323,243.0000,860.0000,0.9719,532.0000,1.1499,0.8696,0.9394
459,mNG2_2_FITC.tif,281.3666,704.4699,212.0000,1340.0000,0.9263,690.0000,1.2402,0.8063,0.9379
460,mNG2_2_FITC.tif,96.6138,237.0877,138.0000,351.0000,0.8534,236.0000,1.5357,0.6512,0.8636
461,mNG2_2_FITC.tif,94.9189,299.4821,159.0000,396.0000,0.9106,298.0000,1.2796,0.7815,0.8750
462,mNG2_2_FITC.tif,206.7875,812.0328,282.0000,1324.0000,0.8633,822.0000,1.1075,0.9029,0.9313
463,mNG2_2_FITC.tif,142.3783,366.4524,199.0000,518.0000,0.9916,378.0000,1.3183,0.7586,0.9231
464,mNG2_2_FITC.tif,111.8687,284.8485,133.0000,453.0000,0.8513,283.0000,1.6653,0.6005,0.8859
465,mNG2_2_FITC.tif,408.4901,2450.4066,609.0000,5740.0000,0.9285,2109.0000,1.3263,0.7540,0.9432
466,mNG2_2_FITC.tif,205.0925,307.3140,164.0000,490.0000,0.8603,301.0000,1.5584,0.6417,0.9030
467,mNG2_2_FITC.tif,167.8030,752.8687,407.0000,1119.0000,0.8707,742.0000,1.3125,0.7619,0.9041
468,mNG2_2_FITC.tif,296.6214,1035.4400,356.0000,2177.0000,0.9208,922.0000,1.1055,0.9046,0.9235
469,mNG2_2_FITC.tif,218.6524,592.3876,196.0000,1071.0000,0.9433,566.0000,1.1492,0.8702,0.9247
470,mNG2_2_FITC.tif,216.9574,453.0000,172.0000,756.0000,0.9359,455.0000,1.1446,0.8737,0.9176
471,mNG2_2_FITC.tif,427.1349,956.6984,275.0000,1922.0000,0.8989,879.0000,1.4499,0.6897,0.9385
472,mNG2_2_FITC.tif,105.0887,255.0000,132.0000,345.0000,0.9129,268.0000,1.3671,0.7315,0.8794
473,mNG2_2_FITC.tif,283.0616,1405.2754,373.0000,2847.0000,0.9455,1343.0000,1.2434,0.8043,0.9252
474,mNG2_2_FITC.tif,296.6214,1443.4229,338.0000,2830.0000,0.9117,1318.0000,1.2602,0.7935,0.9186
475,mNG2_2_FITC.tif,171.1929,585.3762,324.0000,803.0000,0.8506,601.0000,1.2446,0.8035,0.8899
476,mNG2_2_FITC.tif,527.1386,885.9550,197.0000,2189.0000,0.7572,755.0000,1.6633,0.6012,0.8886
477,mNG2_2_FITC.tif,140.6833,581.7590,270.0000,939.0000,0.9798,559.0000,1.0636,0.9402,0.9121
478,mNG2_2_FITC.tif,262.7218,553.8774,234.0000,1021.0000,0.9427,516.0000,1.1285,0.8861,0.9337
479,mNG2_2_FITC.tif,588.1579,996.5130,201.0000,2674.0000,0.7750,859.0000,1.5036,0.6651,0.8897
480,mNG2_2_FITC.tif,347.4708,741.9415,342.0000,1380.0000,0.9132,679.0000,1.2502,0.7999,0.9318
481,mNG2_2_FITC.tif,433.9148,706.9375,334.0000,1282.0000,0.6735,668.0000,1.3922,0.7183,0.8562
482,mNG2_2_FITC.tif,115.2586,868.6029,272.0000,1452.0000,0.9623,842.0000,1.0891,0.9182,0.9189
483,mNG2_2_FITC.tif,438.9997,1021.8842,283.0000,2059.0000,0.9059,906.0000,1.3385,0.7471,0.9350
484,mNG2_2_FITC.tif,574.5981,2148.5280,603.0000,5044.0000,0.7359,1805.0000,1.4570,0.6864,0.8794
485,mNG2_2_FITC.tif,347.4708,537.9805,229.0000,1050.0000,0.8934,501.0000,1.4104,0.7090,0.9469
486,mNG2_2_FITC.tif,167.8030,153.9697,36.0000,306.0000,0.5283,146.0000,2.9247,0.3419,0.6899
487,mNG2_2_FITC.tif,381.3704,1166.0622,489.0000,1862.0000,0.8026,1167.0000,1.4625,0.6837,0.8858
488,mNG2_2_FITC.tif,284.7566,1246.8512,390.0000,2503.0000,0.8081,1115.0000,1.4273,0.7006,0.8889
489,mNG2_2_FITC.tif,1010.2078,1352.3440,452.0000,2480.0000,0.7565,1314.0000,1.5867,0.6302,0.8942
490,mNG2_2_FITC.tif,325.4361,1509.7396,288.0000,3650.0000,0.8943,1335.0000,1.1871,0.8424,0.9100
491,mNG2_2_FITC.tif,318.6562,373.9787,139.0000,880.0000,0.9343,322.0000,1.1407,0.8767,0.9353
492,mNG2_2_FITC.tif,520.3587,1365.6808,483.0000,2332.0000,0.8239,1381.0000,1.6039,0.6235,0.9096
493,mNG2_2_FITC.tif,213.5674,489.2381,238.0000,749.0000,0.9479,482.0000,1.1124,0.8990,0.9231
494,mNG2_2_FITC.tif,120.3435,721.9437,452.0000,1075.0000,0.9511,712.0000,1.1436,0.8744,0.9045
495,mNG2_2_FITC.tif,516.9688,449.1770,164.0000,862.0000,0.7781,437.0000,1.7978,0.5562,0.9132
496,mNG2_2_FITC.tif,255.9419,548.5033,114.0000,984.0000,0.9676,539.0000,1.1239,0.8898,0.9321
497,mNG2_2_FITC.tif,477.9842,553.6348,186.0000,1027.0000,0.8857,540.0000,1.5804,0.6327,0.9276
498,mNG2_2_FITC.tif,154.2431,178.0220,67.0000,284.0000,0.8803,177.0000,1.4630,0.6835,0.9100
499,mNG2_2_FITC.tif,142.3783,201.8690,24.0000,460.0000,0.7388,193.0000,2.2319,0.4481,0.8984
500,mNG2_2_FITC.tif,496.6290,942.7577,211.0000,2391.0000,0.7731,713.0000,1.8152,0.5509,0.8906
501,mNG2_2_FITC.tif,218.6524,563.8605,272.0000,958.0000,0.9172,534.0000,1.3638,0.7333,0.9247
502,mNG2_2_FITC.tif,510.1889,537.1196,252.0000,911.0000,0.7886,532.0000,1.4527,0.6884,0.8853
503,mNG2_2_FITC.tif,277.9767,1705.7073,475.0000,3647.0000,0.8460,1510.0000,1.4426,0.6932,0.9036
504,mNG2_2_FITC.tif,142.3783,447.2857,306.0000,577.0000,0.8018,449.0000,1.8568,0.5386,0.8750
505,mNG2_2_FITC.tif,276.2817,300.8466,83.0000,599.0000,0.9095,285.0000,1.3916,0.7186,0.9288
506,mNG2_2_FITC.tif,186.4478,464.4091,216.0000,736.0000,0.9853,445.0000,1.0843,0.9222,0.9205
507,mNG2_2_FITC.tif,203.3975,327.9333,96.0000,511.0000,0.9687,335.0000,1.1004,0.9088,0.9302
508,mNG2_2_FITC.tif,316.9612,539.7326,227.0000,1032.0000,0.9514,518.0000,1.0625,0.9412,0.9397
509,mNG2_2_FITC.tif,405.1001,963.5188,311.0000,1944.0000,0.8359,877.0000,1.6421,0.6090,0.9157
510,mNG2_2_FITC.tif,252.5520,880.4362,277.0000,1496.0000,0.9401,867.0000,1.0801,0.9258,0.9371
511,mNG2_2_FITC.tif,203.3975,379.8500,98.0000,719.0000,0.9136,352.0000,1.1192,0.8935,0.9195
512,mNG2_2_FITC.tif,311.8762,412.1033,180.0000,781.0000,0.8851,379.0000,1.6320,0.6128,0.9412
513,mNG2_2_FITC.tif,188.1427,403.6126,185.0000,681.0000,0.9763,380.0000,1.1176,0.8947,0.9487
514,mNG2_2_FITC.tif,384.7604,420.0220,104.0000,732.0000,0.7553,425.0000,1.9079,0.5241,0.8885
515,mNG2_2_FITC.tif,254.2469,376.6000,117.0000,590.0000,0.8892,366.0000,1.1381,0.8786,0.9091
516,mNG2_2_FITC.tif,320.3511,450.2116,187.0000,844.0000,0.8608,399.0000,1.0622,0.9415,0.9108
517,mNG2_2_FITC.tif,422.0499,894.4257,304.0000,1592.0000,0.8809,848.0000,1.5519,0.6444,0.9274
518,mNG2_2_FITC.tif,128.8184,382.0921,221.0000,560.0000,0.9445,380.0000,1.1330,0.8826,0.9048
519,mNG2_2_FITC.tif,510.1889,2353.9701,657.0000,4430.0000,0.9252,2242.0000,1.1093,0.9015,0.9436
520,mNG2_2_FITC.tif,283.0616,339.8024,91.0000,684.0000,0.9319,290.0000,1.1397,0.8775,0.9356
521,mNG2_2_FITC.tif,161.0231,425.6316,118.0000,740.0000,0.9628,404.0000,1.3491,0.7412,0.9268
522,mNG2_2_FITC.tif,181.3628,804.7570,360.0000,1364.0000,0.9411,759.0000,1.2074,0.8282,0.9264
523,mNG2_2_FITC.tif,135.5984,445.6625,225.0000,646.0000,0.9248,448.0000,1.0818,0.9244,0.9143
524,mNG2_2_FITC.tif,274.5867,563.8889,145.0000,799.0000,0.8323,599.0000,1.5828,0.6318,0.9153
525,mNG2_2_FITC.tif,291.5365,638.8837,303.0000,1101.0000,0.7592,596.0000,1.9859,0.5036,0.8821
526,mNG2_2_FITC.tif,142.3783,504.2619,223.0000,864.0000,0.9710,498.0000,1.0506,0.9519,0.9333
527,mNG2_2_FITC.tif,730.5362,541.4408,197.0000,1054.0000,0.6132,539.0000,1.7854,0.5601,0.8345
528,mNG2_2_FITC.tif,166.1080,374.6020,193.0000,591.0000,0.9302,366.0000,1.2496,0.8002,0.9245
529,mNG2_2_FITC.tif,306.7913,1115.9613,264.0000,1892.0000,0.8995,1097.0000,1.3799,0.7247,0.9282
530,mNG2_2_FITC.tif,294.9264,503.6667,206.0000,837.0000,0.8853,486.0000,1.7421,0.5740,0.9457
531,mNG2_2_FITC.tif,152.5482,378.9000,235.0000,588.0000,0.9301,372.0000,1.5507,0.6449,0.9091
532,mNG2_2_FITC.tif,316.9612,585.8930,260.0000,949.0000,0.8792,566.0000,1.0852,0.9215,0.9235
533,mNG2_2_FITC.tif,279.6716,553.5576,189.0000,1046.0000,0.8805,524.0000,1.1375,0.8791,0.9041
534,mNG2_2_FITC.tif,483.0692,1070.4421,422.0000,1909.0000,0.8385,1000.0000,1.3592,0.7357,0.9105
535,mNG2_2_FITC.tif,228.8222,1007.0444,447.0000,1685.0000,0.7919,986.0000,1.1839,0.8447,0.8710
536,mNG2_2_FITC.tif,313.5712,1088.5297,355.0000,2180.0000,0.8984,1013.0000,1.0276,0.9732,0.9181
537,mNG2_2_FITC.tif,332.2160,580.1786,192.0000,1090.0000,0.9215,552.0000,1.0515,0.9510,0.9245
538,mNG2_2_FITC.tif,384.7604,692.8546,374.0000,1181.0000,0.7107,619.0000,1.2027,0.8315,0.8518
539,mNG2_2_FITC.tif,298.3164,271.0682,133.0000,441.0000,0.7505,274.0000,2.0095,0.4976,0.8756
540,mNG2_2_FITC.tif,361.0306,549.7324,191.0000,854.0000,0.7031,536.0000,2.2942,0.4359,0.8820
541,mNG2_2_FITC.tif,140.6833,168.0843,18.0000,293.0000,0.8699,174.0000,1.4445,0.6923,0.9071
542,mNG2_2_FITC.tif,388.1503,1436.2271,220.0000,3304.0000,0.9006,1224.0000,1.5457,0.6469,0.9405
543,mNG2_2_FITC.tif,252.5520,555.7785,224.0000,968.0000,0.6786,534.0000,1.6640,0.6010,0.8120
544,mNG2_2_FITC.tif,350.8608,1157.7778,452.0000,1931.0000,0.7383,1170.0000,1.9082,0.5241,0.8846
545,mNG2_2_FITC.tif,122.0385,153.3472,76.0000,247.0000,0.7808,154.0000,1.8269,0.5474,0.8834
546,mNG2_2_FITC.tif,367.8106,2680.3733,720.0000,5958.0000,0.9288,2322.0000,1.1989,0.8341,0.9374
547,mNG2_2_FITC.tif,105.0887,778.6129,444.0000,1017.0000,0.9507,815.0000,1.2744,0.7847,0.8794
548,mNG2_2_FITC.tif,240.6871,754.4085,243.0000,1306.0000,0.9200,714.0000,1.2712,0.7866,0.9311
549,mNG2_2_FITC.tif,96.6138,457.0702,342.0000,631.0000,0.9044,451.0000,1.2268,0.8151,0.9048
550,mNG2_2_FITC.tif,206.7875,511.0738,276.0000,796.0000,0.9288,502.0000,1.3847,0.7222,0.9349
551,mNG2_2_FITC.tif,205.0925,630.7438,356.0000,1007.0000,0.8848,630.0000,1.4268,0.7009,0.9132
552,mNG2_2_FITC.tif,179.6678,994.2264,406.0000,1453.0000,0.9041,1018.0000,1.2331,0.8109,0.9177
553,mNG2_2_FITC.tif,113.5636,786.9104,401.0000,1096.0000,0.8642,810.0000,1.3081,0.7644,0.8701
554,mNG2_2_FITC.tif,213.5674,935.7222,353.0000,1631.0000,0.9593,904.0000,1.1870,0.8424,0.9333
555,mNG2_2_FITC.tif,535.6135,1587.6297,479.0000,3113.0000,0.8006,1505.0000,1.6013,0.6245,0.8876
556,mNG2_2_FITC.tif,500.0190,2109.8814,535.0000,4350.0000,0.8679,1919.0000,1.4508,0.6893,0.9335
557,mNG2_2_FITC.tif,452.5595,773.3221,311.0000,1549.0000,0.7217,725.0000,1.9617,0.5098,0.8627
558,mNG2_2_FITC.tif,345.7758,534.8922,133.0000,1058.0000,0.9291,473.0000,1.1738,0.8520,0.9252
559,mNG2_2_FITC.tif,135.5984,287.8250,92.0000,439.0000,0.9942,293.0000,1.2803,0.7811,0.9302
560,mNG2_2_FITC.tif,416.9650,824.1220,343.0000,1697.0000,0.8438,734.0000,1.3867,0.7212,0.9336
561,mNG2_2_FITC.tif,515.2738,760.3750,235.0000,1285.0000,0.7576,773.0000,1.7432,0.5737,0.9088
562,mNG2_2_FITC.tif,228.8222,846.3259,281.0000,1371.0000,0.8884,867.0000,1.1968,0.8356,0.9060
563,mNG2_2_FITC.tif,277.9767,343.4512,112.0000,709.0000,0.9381,288.0000,1.0310,0.9699,0.9345
564,mNG2_2_FITC.tif,284.7566,820.5893,275.0000,1530.0000,0.8752,790.0000,1.0955,0.9128,0.9130
565,mNG2_2_FITC.tif,213.5674,531.8016,226.0000,943.0000,0.8958,499.0000,1.3477,0.7420,0.9097
566,mNG2_2_FITC.tif,150.8532,520.2360,236.0000,775.0000,0.9594,538.0000,1.1914,0.8393,0.9570
567,mNG2_2_FITC.tif,332.2160,674.6888,241.0000,1263.0000,0.9428,636.0000,1.2602,0.7935,0.9356
568,mNG2_2_FITC.tif,322.0461,1265.2789,320.0000,2175.0000,0.8464,1300.0000,1.4230,0.7028,0.9091
569,mNG2_2_FITC.tif,293.2315,1387.0636,449.0000,2703.0000,0.9232,1302.0000,1.2138,0.8238,0.9251
570,mNG2_2_FITC.tif,183.0578,944.5648,638.0000,1293.0000,0.6178,943.0000,1.3402,0.7462,0.7423
571,mNG2_2_FITC.tif,355.9457,735.5476,216.0000,1503.0000,0.8259,645.0000,1.2096,0.8267,0.8936
572,mNG2_2_FITC.tif,288.1465,2282.1706,827.0000,4418.0000,0.7370,2069.0000,1.1380,0.8788,0.8458
573,mNG2_2_FITC.tif,208.4825,433.1870,309.0000,623.0000,0.6408,424.0000,1.7261,0.5793,0.7760
574,mNG2_2_FITC.tif,354.2507,431.9426,123.0000,884.0000,0.9310,399.0000,1.1186,0.8940,0.9351
575,mNG2_2_FITC.tif,147.4632,321.8851,159.0000,485.0000,1.0000,320.0000,1.1119,0.8994,0.9457
576,mNG2_2_FITC.tif,106.7837,235.4286,145.0000,344.0000,0.9660,229.0000,1.5441,0.6476,0.9000
577,mNG2_2_FITC.tif,642.3973,1005.3641,322.0000,2079.0000,0.7536,861.0000,1.4692,0.6806,0.8773
578,mNG2_2_FITC.tif,233.9072,467.1304,162.0000,771.0000,0.9081,469.0000,1.2106,0.8260,0.9049
579,mNG2_2_FITC.tif,366.1156,568.2546,223.0000,958.0000,0.7350,568.0000,2.1104,0.4738,0.8780
580,mNG2_2_FITC.tif,349.1658,798.7573,327.0000,1539.0000,0.9595,726.0000,1.1815,0.8464,0.9385
581,mNG2_2_FITC.tif,320.3511,503.1005,123.0000,1135.0000,0.8886,387.0000,1.1434,0.8746,0.9130
582,mNG2_2_FITC.tif,345.7758,1025.8676,521.0000,1637.0000,0.8440,998.0000,1.3412,0.7456,0.9189
583,mNG2_2_FITC.tif,320.3511,1731.8413,710.0000,3026.0000,0.8529,1623.0000,1.1258,0.8883,0.8936
584,mNG2_2_FITC.tif,169.4980,772.7600,434.0000,979.0000,0.7523,807.0000,1.9372,0.5162,0.8547
585,mNG2_2_FITC.tif,305.0963,1395.1500,341.0000,3407.0000,0.8860,1169.0000,1.1625,0.8602,0.9068
586,mNG2_2_FITC.tif,259.3319,1348.4641,478.0000,2239.0000,0.9110,1362.0000,1.1804,0.8471,0.9134
587,mNG2_2_FITC.tif,440.6947,1318.4923,271.0000,2861.0000,0.9199,1186.0000,1.2865,0.7773,0.9386
588,mNG2_2_FITC.tif,120.3435,410.0000,214.0000,581.0000,0.9664,414.0000,1.2089,0.8272,0.9161
589,mNG2_2_FITC.tif,86.4440,421.0392,281.0000,547.0000,0.9206,431.0000,1.2045,0.8302,0.8870
590,mNG2_2_FITC.tif,105.0887,329.7097,141.0000,500.0000,0.9129,319.0000,1.1646,0.8587,0.8794
591,mNG2_2_FITC.tif,98.3088,348.2241,223.0000,460.0000,0.9598,355.0000,1.4563,0.6867,0.9431
592,mNG2_2_FITC.tif,394.9302,1220.3433,333.0000,2718.0000,0.9640,1060.0000,1.1277,0.8868,0.9472
593,mNG2_2_FITC.tif,137.2933,740.4444,395.0000,934.0000,0.8784,756.0000,1.4430,0.6930,0.8852
594,mNG2_2_FITC.tif,181.3628,244.9439,98.0000,394.0000,0.9891,238.0000,1.1741,0.8517,0.9224
595,mNG2_2_FITC.tif,342.3859,665.3416,266.0000,1228.0000,0.9286,631.0000,1.1778,0.8490,0.9352
596,mNG2_2_FITC.tif,240.6871,330.6761,125.0000,730.0000,0.9200,312.0000,1.2707,0.7869,0.9342
597,mNG2_2_FITC.tif,183.0578,426.3056,244.0000,675.0000,0.9096,421.0000,1.1465,0.8722,0.9153
598,mNG2_2_FITC.tif,347.4708,348.7171,105.0000,676.0000,0.7831,314.0000,1.3288,0.7526,0.8668
599,mNG2_2_FITC.tif,96.6138,103.5088,57.0000,176.0000,0.9044,101.0000,1.3760,0.7267,0.9268
600,mNG2_2_FITC.tif,394.9302,1038.1803,305.0000,2289.0000,0.8826,915.0000,1.3766,0.7264,0.9155
601,mNG2_2_FITC.tif,174.5829,1618.5922,905.0000,2443.0000,0.8944,1603.0000,1.1883,0.8416,0.8996
602,mNG2_2_FITC.tif,94.9189,711.2679,405.0000,937.0000,1.0000,725.0000,1.4237,0.7024,0.9180
603,mNG2_2_FITC.tif,176.2779,602.1923,222.0000,1063.0000,0.9437,608.0000,1.0621,0.9415,0.9204
604,mNG2_2_FITC.tif,338.9959,862.0700,244.0000,1814.0000,0.9316,778.0000,1.2264,0.8154,0.9281
605,mNG2_2_FITC.tif,377.9804,1381.3004,491.0000,2480.0000,0.8695,1340.0000,1.4076,0.7104,0.9196
606,mNG2_2_FITC.tif,700.0266,2079.2809,919.0000,4490.0000,0.7140,1938.0000,1.3307,0.7515,0.8507
607,mNG2_2_FITC.tif,393.2353,951.2759,157.0000,2338.0000,0.8938,763.0000,1.0190,0.9814,0.9299
608,mNG2_2_FITC.tif,172.8879,308.3333,155.0000,419.0000,0.9256,322.0000,1.3859,0.7216,0.9231
609,mNG2_2_FITC.tif,500.0190,1014.0271,293.0000,2298.0000,0.7653,897.0000,1.6155,0.6190,0.9091
610,mNG2_2_FITC.tif,323.7411,566.8639,198.0000,1147.0000,0.7833,517.0000,1.7529,0.5705,0.8904
611,mNG2_2_FITC.tif,925.4588,2255.6941,679.0000,5156.0000,0.6448,2122.0000,1.2842,0.7787,0.8452
612,mNG2_2_FITC.tif,113.5636,180.7910,88.0000,281.0000,0.8642,182.0000,1.6359,0.6113,0.8816
613,mNG2_2_FITC.tif,532.2236,2628.0446,855.0000,4578.0000,0.9406,2565.0000,1.0892,0.9181,0.9444
614,mNG2_2_FITC.tif,138.9883,432.4146,177.0000,649.0000,0.9479,437.0000,1.3715,0.7291,0.9371
615,mNG2_2_FITC.tif,440.6947,1893.3231,512.0000,4715.0000,0.9020,1525.0000,1.1861,0.8431,0.9204
616,mNG2_2_FITC.tif,394.9302,1952.7554,359.0000,4858.0000,0.9555,1568.0000,1.0448,0.9571,0.9376
617,mNG2_2_FITC.tif,142.3783,520.3214,265.0000,742.0000,0.9431,536.0000,1.2861,0.7776,0.9081
618,mNG2_2_FITC.tif,194.9227,441.1913,252.0000,636.0000,0.9685,450.0000,1.1603,0.8619,0.9388
619,mNG2_2_FITC.tif,152.5482,846.3000,303.0000,1258.0000,0.9702,869.0000,1.0379,0.9634,0.9574
620,mNG2_2_FITC.tif,798.3354,1013.8344,324.0000,1911.0000,0.6907,966.0000,1.5638,0.6395,0.8396
621,mNG2_2_FITC.tif,338.9959,669.2900,150.0000,1341.0000,0.8909,588.0000,1.4734,0.6787,0.9302
622,mNG2_2_FITC.tif,152.5482,429.0333,262.0000,641.0000,0.7716,420.0000,1.6691,0.5991,0.8491
623,mNG2_2_FITC.tif,554.2583,1064.0826,380.0000,1974.0000,0.8776,1026.0000,1.2762,0.7836,0.9224
624,mNG2_2_FITC.tif,271.1967,594.3563,163.0000,1106.0000,0.8538,561.0000,1.4655,0.6823,0.8989
625,mNG2_2_FITC.tif,294.9264,1908.0402,476.0000,3467.0000,0.8149,1959.0000,1.2336,0.8106,0.8946
626,mNG2_2_FITC.tif,379.6754,458.2411,153.0000,892.0000,0.8995,455.0000,1.4414,0.6938,0.9333
627,mNG2_2_FITC.tif,316.9612,1217.5027,324.0000,2178.0000,0.7834,1212.0000,1.3017,0.7682,0.8759
628,mNG2_2_FITC.tif,277.9767,1156.4390,538.0000,2058.0000,0.7784,1091.0000,1.3974,0.7156,0.8794
629,mNG2_2_FITC.tif,466.1194,2433.0691,630.0000,5243.0000,0.9433,2145.0000,1.1848,0.8440,0.9466
630,mNG2_2_FITC.tif,308.4863,926.8681,287.0000,1586.0000,0.8923,914.0000,1.3303,0.7517,0.9479
631,mNG2_2_FITC.tif,377.9804,768.7848,340.0000,1347.0000,0.7649,744.0000,1.7214,0.5809,0.8814
632,mNG2_2_FITC.tif,96.6138,1244.0351,893.0000,1538.0000,0.9847,1226.0000,1.0305,0.9704,0.9120
633,mNG2_2_FITC.tif,418.6600,1172.3117,356.0000,2332.0000,0.9137,1119.0000,1.3695,0.7302,0.9518
634,mNG2_2_FITC.tif,430.5248,1032.5945,403.0000,1679.0000,0.8643,996.0000,1.4776,0.6768,0.9321
635,mNG2_2_FITC.tif,271.1967,1739.8000,437.0000,3522.0000,0.8837,1622.0000,1.3426,0.7448,0.9117
636,mNG2_2_FITC.tif,259.3319,937.2680,319.0000,1702.0000,0.9305,878.0000,1.1533,0.8670,0.9358
637,mNG2_2_FITC.tif,584.7680,793.1130,315.0000,1423.0000,0.6062,795.0000,1.3833,0.7229,0.8185
638,mNG2_2_FITC.tif,388.1503,967.6769,360.0000,1686.0000,0.7115,868.0000,1.5154,0.6599,0.8593
639,mNG2_2_FITC.tif,89.8339,140.5283,57.0000,215.0000,0.8127,147.0000,2.2645,0.4416,0.8689
640,mNG2_2_FITC.tif,545.7834,810.7888,305.0000,1479.0000,0.6972,745.0000,1.3776,0.7259,0.8429
641,mNG2_2_FITC.tif,623.7525,1433.4728,638.0000,2467.0000,0.5974,1349.0000,2.2771,0.4392,0.8205
642,mNG2_2_FITC.tif,86.4440,337.4118,266.0000,414.0000,0.9629,338.0000,1.5442,0.6476,0.8947
643,mNG2_2_FITC.tif,393.2353,2254.0043,678.0000,4651.0000,0.9203,2095.0000,1.3491,0.7412,0.9508
644,mNG2_2_FITC.tif,111.8687,471.7273,312.0000,619.0000,0.9340,477.0000,1.4612,0.6844,0.9103
645,mNG2_2_FITC.tif,289.8415,1734.4561,586.0000,2988.0000,0.8616,1702.0000,1.3123,0.7620,0.8976
646,mNG2_2_FITC.tif,272.8917,579.9317,168.0000,1140.0000,0.9688,526.0000,1.1380,0.8787,0.9306
647,mNG2_2_FITC.tif,272.8917,532.9503,197.0000,975.0000,0.9688,488.0000,1.0478,0.9544,0.9280
648,mNG2_2_FITC.tif,454.2545,1150.8209,283.0000,2679.0000,0.8946,989.0000,1.2455,0.8029,0.9338
649,mNG2_2_FITC.tif,352.5558,879.7788,299.0000,1672.0000,0.9147,822.0000,1.1999,0.8334,0.9391
650,mNG2_2_FITC.tif,91.5289,548.1852,340.0000,702.0000,0.9929,558.0000,1.2221,0.8182,0.9391
651,mNG2_2_FITC.tif,194.9227,742.2000,288.0000,1141.0000,0.9283,755.0000,1.1483,0.8709,0.9055
652,mNG2_2_FITC.tif,294.9264,1230.3793,594.0000,1794.0000,0.8565,1243.0000,1.1631,0.8598,0.8992
653,mNG2_2_FITC.tif,250.8570,1694.7365,605.0000,2543.0000,0.8466,1764.0000,1.6579,0.6032,0.9164
654,mNG2_2_FITC.tif,261.0269,1771.1558,528.0000,3589.0000,0.9034,1615.0000,1.1932,0.8381,0.9222
655,mNG2_2_FITC.tif,227.1273,1442.1642,731.0000,2300.0000,0.8364,1437.0000,1.2255,0.8160,0.8845
656,mNG2_2_FITC.tif,161.0231,231.4842,153.0000,380.0000,0.9628,223.0000,1.0179,0.9824,0.9179
657,mNG2_2_FITC.tif,277.9767,1056.1768,427.0000,1837.0000,0.7469,1032.0000,1.7325,0.5772,0.8770
658,mNG2_2_FITC.tif,394.9302,813.3262,202.0000,1712.0000,0.8976,721.0000,1.4164,0.7060,0.9320
659,mNG2_2_FITC.tif,333.9110,643.8883,217.0000,1352.0000,0.7681,540.0000,1.1481,0.8710,0.8603
660,mNG2_2_FITC.tif,311.8762,432.6033,140.0000,741.0000,0.9586,433.0000,1.1270,0.8873,0.9388
661,mNG2_2_FITC.tif,418.6600,850.9312,286.0000,1644.0000,0.8739,782.0000,1.2418,0.8053,0.9251
662,mNG2_2_FITC.tif,337.3009,885.0854,293.0000,1724.0000,0.9445,804.0000,1.1910,0.8396,0.9499
663,mNG2_2_FITC.tif,240.6871,545.1972,134.0000,1130.0000,0.9709,511.0000,1.1996,0.8336,0.9342
664,mNG2_2_FITC.tif,177.9729,2085.0095,805.0000,2791.0000,0.8581,2077.0000,1.3296,0.7521,0.9130
665,mNG2_2_FITC.tif,303.4013,1513.7877,462.0000,2960.0000,0.9288,1418.0000,1.1939,0.8376,0.9496
666,mNG2_2_FITC.tif,262.7218,1049.8258,451.0000,1671.0000,0.8738,1009.0000,1.3244,0.7550,0.9226
667,mNG2_2_FITC.tif,294.9264,933.5632,311.0000,1418.0000,0.9028,962.0000,1.1558,0.8652,0.9508
668,mNG2_2_FITC.tif,157.6331,861.2258,299.0000,1326.0000,0.8947,862.0000,1.2227,0.8178,0.9300
669,mNG2_2_FITC.tif,115.2586,179.2353,62.0000,297.0000,0.9623,180.0000,1.3402,0.7462,0.9067
670,mNG2_2_FITC.tif,81.3590,402.8333,236.0000,549.0000,0.7487,412.0000,2.0158,0.4961,0.8421
671,mNG2_2_FITC.tif,93.2239,193.4182,36.0000,374.0000,0.9102,198.0000,1.2247,0.8165,0.8943
672,mNG2_2_FITC.tif,335.6060,1170.9192,358.0000,2352.0000,0.8901,1054.0000,1.2112,0.8256,0.9340
673,mNG2_2_FITC.tif,83.0540,501.5510,358.0000,622.0000,0.9428,504.0000,1.3094,0.7637,0.8991
674,mNG2_2_FITC.tif,491.5441,3103.7310,1089.0000,7060.0000,0.7598,2623.0000,1.6998,0.5883,0.8896
675,mNG2_2_FITC.tif,267.8068,477.6203,219.0000,694.0000,0.9507,484.0000,1.3612,0.7346,0.9349
676,mNG2_2_FITC.tif,216.9574,626.3750,276.0000,1057.0000,0.8423,604.0000,1.4530,0.6882,0.8858
677,mNG2_2_FITC.tif,544.0884,893.8972,390.0000,1377.0000,0.7302,905.0000,1.9555,0.5114,0.8795
678,mNG2_2_FITC.tif,227.1273,1259.4552,488.0000,2127.0000,0.8818,1219.0000,1.3051,0.7662,0.9178
679,mNG2_2_FITC.tif,127.1235,209.1333,79.0000,326.0000,0.9321,204.0000,1.2297,0.8132,0.9091
680,mNG2_2_FITC.tif,86.4440,149.0392,70.0000,219.0000,0.9378,152.0000,1.3678,0.7311,0.9107
681,mNG2_2_FITC.tif,201.7026,389.5882,148.0000,620.0000,0.8045,393.0000,1.5345,0.6517,0.8848
682,mNG2_2_FITC.tif,186.4478,1008.8818,518.0000,1492.0000,0.9264,981.0000,1.4594,0.6852,0.9402
683,mNG2_2_FITC.tif,413.5750,923.0287,310.0000,2011.0000,0.9433,820.0000,1.2623,0.7922,0.9367
684,mNG2_2_FITC.tif,430.5248,2510.9055,613.0000,4453.0000,0.9508,2476.0000,1.0603,0.9431,0.9442
685,mNG2_2_FITC.tif,300.0114,658.9266,159.0000,1427.0000,0.9406,581.0000,1.1182,0.8943,0.9465
686,mNG2_2_FITC.tif,323.7411,1033.2618,343.0000,2060.0000,0.9402,966.0000,1.2561,0.7961,0.9340
687,mNG2_2_FITC.tif,338.9959,1301.3300,589.0000,2149.0000,0.9229,1274.0000,1.4143,0.7070,0.9324
688,mNG2_2_FITC.tif,103.3938,1159.0000,646.0000,1555.0000,0.9679,1164.0000,1.1543,0.8663,0.9242
689,mNG2_2_FITC.tif,213.5674,730.7460,207.0000,1364.0000,0.9322,707.0000,1.1436,0.8745,0.9299
690,mNG2_2_FITC.tif,206.7875,609.9754,270.0000,1139.0000,0.9447,563.0000,1.0195,0.9808,0.9071
691,mNG2_2_FITC.tif,222.0423,824.0458,296.0000,1271.0000,0.8957,815.0000,1.1125,0.8989,0.9066
692,mNG2_2_FITC.tif,325.4361,299.3021,82.0000,589.0000,0.9148,299.0000,1.1680,0.8562,0.9143
693,mNG2_2_FITC.tif,406.7951,2494.3208,670.0000,5224.0000,0.8952,2192.0000,1.1599,0.8621,0.9339
694,mNG2_2_FITC.tif,464.4244,1868.1679,403.0000,4329.0000,0.9324,1598.0000,1.2873,0.7768,0.9416
695,mNG2_2_FITC.tif,518.6638,838.8007,305.0000,1470.0000,0.7072,831.0000,2.4403,0.4098,0.9107
696,mNG2_2_FITC.tif,349.1658,1822.4126,480.0000,3432.0000,0.9059,1808.0000,1.1485,0.8707,0.9471
697,mNG2_2_FITC.tif,432.2198,1055.0549,505.0000,1508.0000,0.8379,1066.0000,1.7071,0.5858,0.9107
698,mNG2_2_FITC.tif,401.7102,1420.0591,337.0000,2582.0000,0.7788,1437.0000,1.9616,0.5098,0.9011
699,mNG2_2_FITC.tif,379.6754,2117.0625,337.0000,5456.0000,0.9552,1716.0000,1.1449,0.8734,0.9492
700,mNG2_2_FITC.tif,225.4323,2089.0000,501.0000,4101.0000,0.8712,1947.0000,1.3144,0.7608,0.9172
701,mNG2_2_FITC.tif,193.2277,1667.8684,431.0000,3676.0000,0.9316,1521.0000,1.3304,0.7517,0.9383
702,mNG2_2_FITC.tif,591.5479,292.5559,182.0000,408.0000,0.8697,292.0000,1.3693,0.7303,0.9344
703,mNG2_2_FITC.tif,350.8608,1220.5169,302.0000,2883.0000,0.9733,1012.0000,1.0253,0.9753,0.9431
704,mNG2_2_FITC.tif,159.3281,274.2872,113.0000,515.0000,0.9093,261.0000,1.3475,0.7421,0.9038
705,mNG2_2_FITC.tif,132.2084,274.4744,137.0000,423.0000,0.9488,265.0000,1.2528,0.7982,0.9512
706,mNG2_2_FITC.tif,262.7218,1009.4452,408.0000,1650.0000,0.9427,999.0000,1.2297,0.8132,0.9394
707,mNG2_2_FITC.tif,396.6252,681.8974,115.0000,1475.0000,0.9396,617.0000,1.0598,0.9436,0.9341
708,mNG2_2_FITC.tif,481.3742,1799.4014,514.0000,4126.0000,0.8148,1508.0000,1.2332,0.8109,0.9132
709,mNG2_2_FITC.tif,96.6138,161.8246,93.0000,268.0000,0.9847,160.0000,1.1931,0.8382,0.9048
710,mNG2_2_FITC.tif,108.4787,162.5469,25.0000,312.0000,0.8574,151.0000,1.8490,0.5408,0.8828
711,mNG2_2_FITC.tif,313.5712,289.4054,72.0000,538.0000,0.9638,289.0000,1.1954,0.8365,0.9391
712,mNG2_2_FITC.tif,422.0499,499.6948,123.0000,1073.0000,0.8445,476.0000,1.4462,0.6915,0.9104
713,mNG2_2_FITC.tif,108.4787,283.7031,159.0000,415.0000,1.0000,277.0000,1.1814,0.8464,0.9552
714,mNG2_2_FITC.tif,233.9072,958.8841,484.0000,1482.0000,0.8941,942.0000,1.1417,0.8759,0.9139
715,mNG2_2_FITC.tif,410.1851,613.1198,205.0000,1079.0000,0.7839,612.0000,1.9678,0.5082,0.9081
716,mNG2_2_FITC.tif,423.7449,1310.1840,338.0000,2664.0000,0.9096,1155.0000,1.1190,0.8937,0.9276
717,mNG2_2_FITC.tif,125.4285,591.0270,255.0000,849.0000,0.9545,609.0000,1.3318,0.7508,0.9136
718,mNG2_2_FITC.tif,440.6947,509.8038,164.0000,834.0000,0.6633,532.0000,1.3774,0.7260,0.8241
719,mNG2_2_FITC.tif,267.8068,487.5633,105.0000,1061.0000,0.9507,435.0000,1.2202,0.8195,0.9267
720,mNG2_2_FITC.tif,318.6562,1565.4043,428.0000,2975.0000,0.8923,1462.0000,1.3690,0.7305,0.9377
721,mNG2_2_FITC.tif,522.0537,1086.6688,412.0000,1847.0000,0.6584,1074.0000,2.2673,0.4411,0.8462
722,mNG2_2_FITC.tif,86.4440,227.7451,148.0000,323.0000,0.8971,217.0000,1.5956,0.6267,0.9444
723,mNG2_2_FITC.tif,215.2624,550.8740,118.0000,989.0000,0.9396,557.0000,1.0938,0.9142,0.9270
724,mNG2_2_FITC.tif,94.9189,635.4286,413.0000,894.0000,1.0000,629.0000,1.1003,0.9088,0.9180
725,mNG2_2_FITC.tif,264.4168,301.6795,102.0000,494.0000,0.9248,289.0000,1.2353,0.8095,0.9369
726,mNG2_2_FITC.tif,303.4013,754.3464,163.0000,1638.0000,0.9326,649.0000,1.2988,0.7700,0.9275
727,mNG2_2_FITC.tif,227.1273,680.7612,221.0000,1102.0000,0.9798,685.0000,1.2135,0.8241,0.9371
728,mNG2_2_FITC.tif,205.0925,325.2314,142.0000,618.0000,0.9600,298.0000,1.0802,0.9258,0.9416
729,mNG2_2_FITC.tif,242.3821,760.1608,472.0000,1218.0000,0.8477,701.0000,1.6526,0.6051,0.9256
730,mNG2_2_FITC.tif,189.8377,954.9643,448.0000,1582.0000,0.9153,940.0000,1.0938,0.9143,0.9069
731,mNG2_2_FITC.tif,157.6331,226.2796,84.0000,402.0000,0.9119,219.0000,1.3873,0.7208,0.9118
732,mNG2_2_FITC.tif,798.3354,1000.0425,352.0000,2335.0000,0.5691,893.0000,2.2315,0.4481,0.8307
733,mNG2_2_FITC.tif,394.9302,366.7167,104.0000,661.0000,0.8149,373.0000,1.6246,0.6155,0.9102
734,mNG2_2_FITC.tif,216.9574,556.2578,202.0000,1042.0000,0.9251,541.0000,1.2165,0.8220,0.9078
735,mNG2_2_FITC.tif,345.7758,540.7157,115.0000,1055.0000,0.8971,510.0000,1.0873,0.9197,0.9358
736,mNG2_2_FITC.tif,401.7102,940.3165,195.0000,2010.0000,0.9321,812.0000,1.2302,0.8129,0.9442
737,mNG2_2_FITC.tif,138.9883,182.1463,37.0000,355.0000,0.9341,165.0000,1.4676,0.6814,0.9213
738,mNG2_2_FITC.tif,105.0887,179.5161,100.0000,249.0000,0.9670,184.0000,1.4229,0.7028,0.9051
739,mNG2_2_FITC.tif,172.8879,605.9902,321.0000,871.0000,0.9019,598.0000,1.2234,0.8174,0.8947
740,mNG2_2_FITC.tif,259.3319,662.8039,359.0000,1044.0000,0.8715,638.0000,1.0624,0.9412,0.9329
741,mNG2_2_FITC.tif,311.8762,1386.9565,511.0000,2716.0000,0.8458,1317.0000,1.2757,0.7839,0.9064
742,mNG2_2_FITC.tif,496.6290,576.7577,192.0000,1008.0000,0.7601,557.0000,2.0401,0.4902,0.9171
743,mNG2_2_FITC.tif,138.9883,333.5854,161.0000,505.0000,0.9680,327.0000,1.1429,0.8750,0.9011
744,mNG2_2_FITC.tif,432.2198,414.4039,127.0000,811.0000,0.8133,371.0000,1.4517,0.6888,0.8932
745,mNG2_2_FITC.tif,427.1349,509.8889,146.0000,1143.0000,0.9169,442.0000,1.3265,0.7539,0.9368
746,mNG2_2_FITC.tif,245.7720,435.4690,194.0000,694.0000,0.9649,417.0000,1.1139,0.8978,0.9325
747,mNG2_2_FITC.tif,383.0654,1064.2301,212.0000,2569.0000,0.8633,890.0000,1.5715,0.6364,0.9262
748,mNG2_2_FITC.tif,349.1658,653.5291,196.0000,1444.0000,0.9685,576.0000,1.0374,0.9639,0.9450
749,mNG2_2_FITC.tif,438.9997,2365.1737,539.0000,6323.0000,0.9502,1936.0000,1.1352,0.8809,0.9453
750,mNG2_2_FITC.tif,511.8838,1110.0662,355.0000,1848.0000,0.7053,1096.0000,2.1354,0.4683,0.9028
751,mNG2_2_FITC.tif,266.1118,472.5414,176.0000,720.0000,0.8981,476.0000,1.4426,0.6932,0.9290
752,mNG2_2_FITC.tif,247.4670,527.2260,131.0000,1036.0000,0.8747,507.0000,1.1003,0.9089,0.9211
753,mNG2_2_FITC.tif,213.5674,525.4683,238.0000,777.0000,0.8385,538.0000,1.2206,0.8192,0.8811
754,mNG2_2_FITC.tif,525.4437,752.3258,259.0000,1357.0000,0.8675,745.0000,1.4763,0.6774,0.9351
755,mNG2_2_FITC.tif,293.2315,592.7341,192.0000,1141.0000,0.8516,549.0000,1.4235,0.7025,0.9010
756,mNG2_2_FITC.tif,333.9110,496.1878,151.0000,931.0000,0.9262,461.0000,1.1885,0.8414,0.9206
757,mNG2_2_FITC.tif,142.3783,501.6310,208.0000,713.0000,0.9710,501.0000,1.0973,0.9113,0.9385
758,mNG2_2_FITC.tif,438.9997,562.8880,112.0000,984.0000,0.8646,577.0000,1.3327,0.7503,0.9234
759,mNG2_2_FITC.tif,508.4939,715.7600,240.0000,1163.0000,0.8191,712.0000,1.5247,0.6559,0.9023
760,mNG2_2_FITC.tif,328.8260,942.3351,266.0000,1772.0000,0.8722,910.0000,1.2263,0.8154,0.9129
761,mNG2_2_FITC.tif,396.6252,705.3504,166.0000,1540.0000,0.9124,605.0000,1.1579,0.8636,0.9231
762,mNG2_2_FITC.tif,362.7256,631.5701,160.0000,1356.0000,0.8776,560.0000,1.3310,0.7513,0.9204
763,mNG2_2_FITC.tif,210.1775,528.4597,248.0000,880.0000,0.9067,531.0000,1.2805,0.7809,0.9018
764,mNG2_2_FITC.tif,235.6022,602.3381,240.0000,1044.0000,0.9005,591.0000,1.3005,0.7689,0.9145
765,mNG2_2_FITC.tif,181.3628,424.3832,136.0000,644.0000,0.9710,439.0000,1.2615,0.7927,0.9345
766,mNG2_2_FITC.tif,488.1541,1052.5000,311.0000,2039.0000,0.9045,967.0000,1.4582,0.6858,0.9351
767,mNG2_2_FITC.tif,155.9381,815.4783,448.0000,1210.0000,0.9778,802.0000,1.2827,0.7796,0.9436
768,mNG2_2_FITC.tif,327.1311,520.7772,157.0000,1123.0000,0.8597,443.0000,1.4702,0.6802,0.9190
769,mNG2_2_FITC.tif,283.0616,502.6048,170.0000,1055.0000,0.9224,454.0000,1.1418,0.8758,0.9176
770,mNG2_2_FITC.tif,245.7720,411.1931,167.0000,585.0000,0.8091,426.0000,1.6842,0.5938,0.8869
771,mNG2_2_FITC.tif,359.3357,895.5377,279.0000,1981.0000,0.9745,796.0000,1.0698,0.9348,0.9485
772,mNG2_2_FITC.tif,220.3473,211.1231,51.0000,353.0000,0.8114,217.0000,1.3613,0.7346,0.8784
773,mNG2_2_FITC.tif,250.8570,989.7095,271.0000,1776.0000,0.9441,953.0000,1.0278,0.9729,0.9642
774,mNG2_2_FITC.tif,352.5558,731.1779,235.0000,1644.0000,0.8870,626.0000,1.2401,0.8064,0.9244
775,mNG2_2_FITC.tif,774.6057,1516.0241,508.0000,3962.0000,0.8123,1335.0000,1.5371,0.6506,0.9104
776,mNG2_2_FITC.tif,544.0884,739.0343,285.0000,1606.0000,0.7077,659.0000,1.5009,0.6663,0.8470
777,mNG2_2_FITC.tif,325.4361,370.7292,98.0000,663.0000,0.9235,350.0000,1.0164,0.9839,0.9253
778,mNG2_2_FITC.tif,381.3704,1248.9156,388.0000,2833.0000,0.8925,1077.0000,1.1742,0.8517,0.9317
779,mNG2_2_FITC.tif,525.4437,685.9194,254.0000,1156.0000,0.6879,677.0000,1.9096,0.5237,0.8435
780,mNG2_2_FITC.tif,528.8336,539.1699,225.0000,841.0000,0.8349,548.0000,1.0569,0.9462,0.9096
781,mNG2_2_FITC.tif,450.8646,1069.8722,268.0000,2068.0000,0.8328,1019.0000,1.5047,0.6646,0.9125
782,mNG2_2_FITC.tif,372.8955,818.2045,212.0000,1711.0000,0.8911,744.0000,1.3105,0.7631,0.9302
783,mNG2_2_FITC.tif,371.2005,385.8128,121.0000,878.0000,0.7311,337.0000,1.4343,0.6972,0.8725
784,mNG2_2_FITC.tif,227.1273,132.6567,76.0000,273.0000,0.8493,129.0000,1.0589,0.9444,0.8787
785,mNG2_2_FITC.tif,88.1389,261.9808,175.0000,356.0000,1.0000,264.0000,1.1418,0.8758,0.9204
786,mNG2_2_FITC.tif,183.0578,336.8889,102.0000,527.0000,0.8826,336.0000,1.4597,0.6851,0.9153
787,mNG2_2_FITC.tif,286.4515,1082.5858,334.0000,2111.0000,0.9568,1040.0000,1.1957,0.8364,0.9337
788,mNG2_2_FITC.tif,316.9612,635.0428,250.0000,1135.0000,0.8710,575.0000,1.1802,0.8473,0.9189
789,mNG2_2_FITC.tif,289.8415,217.6199,48.0000,348.0000,0.6532,222.0000,1.9799,0.5051,0.8507
790,mNG2_2_FITC.tif,110.1737,298.3846,93.0000,577.0000,0.9571,294.0000,1.1702,0.8545,0.9028
791,mNG2_2_FITC.tif,361.0306,943.9577,215.0000,2322.0000,0.9488,800.0000,1.0475,0.9547,0.9342
792,mNG2_2_FITC.tif,535.6135,1069.0095,402.0000,1703.0000,0.6755,1087.0000,1.2195,0.8200,0.8681
793,mNG2_2_FITC.tif,103.3938,444.0656,296.0000,603.0000,0.9919,432.0000,1.2070,0.8285,0.9104
794,mNG2_2_FITC.tif,286.4515,374.7870,139.0000,559.0000,0.9109,374.0000,1.4539,0.6878,0.9311
795,mNG2_2_FITC.tif,371.2005,1031.7808,295.0000,2250.0000,0.9544,885.0000,1.0811,0.9250,0.9440
796,mNG2_2_FITC.tif,808.5053,878.5367,323.0000,1781.0000,0.5955,752.0000,1.2334,0.8108,0.8224
797,mNG2_2_FITC.tif,257.6369,265.8553,48.0000,484.0000,0.9050,285.0000,1.4262,0.7012,0.9129
798,mNG2_2_FITC.tif,425.4399,887.8327,224.0000,2054.0000,0.9132,784.0000,1.0898,0.9176,0.9245
799,mNG2_2_FITC.tif,127.1235,338.8800,219.0000,456.0000,0.9826,344.0000,1.1430,0.8749,0.9375
800,mNG2_2_FITC.tif,567.8182,834.1940,292.0000,1718.0000,0.7162,794.0000,1.2668,0.7894,0.8513
801,mNG2_2_FITC.tif,401.7102,1176.4895,256.0000,2688.0000,0.9600,982.0000,1.0404,0.9611,0.9537
802,mNG2_2_FITC.tif,135.5984,162.7750,77.0000,257.0000,0.6859,164.0000,2.7177,0.3680,0.8511
803,mNG2_2_FITC.tif,181.3628,480.7383,218.0000,710.0000,0.9174,484.0000,1.2580,0.7949,0.8917
804,mNG2_2_FITC.tif,196.6176,275.1897,121.0000,439.0000,0.8831,279.0000,1.4686,0.6809,0.9170
805,mNG2_2_FITC.tif,89.8339,179.1321,77.0000,259.0000,0.8410,181.0000,1.7183,0.5820,0.9217
806,mNG2_2_FITC.tif,130.5134,215.4675,81.0000,310.0000,0.9089,216.0000,1.8023,0.5548,0.9167
807,mNG2_2_FITC.tif,274.5867,715.9938,236.0000,1287.0000,0.9404,682.0000,1.3760,0.7268,0.9284
808,mNG2_2_FITC.tif,384.7604,1823.5242,533.0000,3964.0000,0.9228,1620.0000,1.0755,0.9298,0.9265
809,mNG2_2_FITC.tif,535.6135,480.0380,154.0000,1051.0000,0.7768,442.0000,1.1909,0.8397,0.8610
810,mNG2_2_FITC.tif,201.7026,621.8403,325.0000,918.0000,0.9489,611.0000,1.4007,0.7139,0.9189
811,mNG2_2_FITC.tif,142.3783,370.2976,184.0000,616.0000,0.9109,361.0000,1.0899,0.9175,0.8796
812,mNG2_2_FITC.tif,428.8298,738.0198,255.0000,1588.0000,0.9359,653.0000,1.2092,0.8270,0.9511
813,mNG2_2_FITC.tif,337.3009,525.6382,259.0000,695.0000,0.6643,532.0000,1.4858,0.6730,0.8274
814,mNG2_2_FITC.tif,406.7951,1721.5250,768.0000,2481.0000,0.7655,1759.0000,1.2407,0.8060,0.8664
815,mNG2_2_FITC.tif,216.9574,638.9375,236.0000,1144.0000,0.9470,621.0000,1.0675,0.9368,0.9446
816,mNG2_2_FITC.tif,269.5018,778.0566,233.0000,1509.0000,0.9095,706.0000,1.1284,0.8862,0.9191
817,mNG2_2_FITC.tif,215.2624,872.0551,385.0000,1349.0000,0.8926,853.0000,1.2110,0.8258,0.9007
818,mNG2_2_FITC.tif,171.1929,292.2376,209.0000,350.0000,0.9461,301.0000,1.5570,0.6423,0.9309
819,mNG2_2_FITC.tif,261.0269,392.0390,152.0000,631.0000,0.8103,394.0000,1.7540,0.5701,0.9032
820,mNG2_2_FITC.tif,266.1118,1448.8025,867.0000,2093.0000,0.8584,1404.0000,1.1827,0.8455,0.9128
821,mNG2_2_FITC.tif,350.8608,1122.9227,450.0000,1963.0000,0.7594,1073.0000,1.5780,0.6337,0.8903
822,mNG2_2_FITC.tif,554.2583,711.5994,173.0000,1583.0000,0.8016,665.0000,1.7432,0.5737,0.9083
823,mNG2_2_FITC.tif,520.3587,915.2866,250.0000,1779.0000,0.9099,874.0000,1.1957,0.8364,0.9519
824,mNG2_2_FITC.tif,376.2855,331.9730,150.0000,445.0000,0.9300,351.0000,1.3497,0.7409,0.9347
825,mNG2_2_FITC.tif,293.2315,1960.7919,567.0000,3887.0000,0.9653,1802.0000,1.1289,0.8858,0.9479
826,mNG2_2_FITC.tif,218.6524,1516.9922,666.0000,2386.0000,0.8357,1487.0000,1.2016,0.8322,0.8958
827,mNG2_2_FITC.tif,405.1001,902.2134,333.0000,1773.0000,0.7425,764.0000,1.5701,0.6369,0.8551
828,mNG2_2_FITC.tif,147.4632,203.3448,116.0000,348.0000,0.8416,203.0000,1.1024,0.9071,0.8969
829,mNG2_2_FITC.tif,157.6331,311.7312,167.0000,579.0000,0.9119,279.0000,1.4736,0.6786,0.9208
830,mNG2_2_FITC.tif,381.3704,1150.7822,245.0000,2592.0000,0.9510,1022.0000,1.1955,0.8365,0.9454
831,mNG2_2_FITC.tif,100.0038,149.2373,108.0000,207.0000,0.7332,149.0000,2.2366,0.4471,0.8551
832,mNG2_2_FITC.tif,171.1929,919.7525,459.0000,1234.0000,0.9047,953.0000,1.2774,0.7828,0.8978
833,mNG2_2_FITC.tif,313.5712,743.4108,201.0000,1679.0000,0.8780,686.0000,1.0256,0.9751,0.9136
834,mNG2_2_FITC.tif,376.2855,452.1667,220.0000,742.0000,0.8144,439.0000,1.6763,0.5966,0.9080
835,mNG2_2_FITC.tif,94.9189,340.6607,201.0000,470.0000,0.9503,343.0000,1.3964,0.7161,0.8889
836,mNG2_2_FITC.tif,96.6138,350.4912,224.0000,463.0000,0.8890,354.0000,1.2598,0.7938,0.8702
837,mNG2_2_FITC.tif,105.0887,217.0161,127.0000,304.0000,0.5626,219.0000,2.9633,0.3375,0.7949
838,mNG2_2_FITC.tif,128.8184,466.8684,202.0000,828.0000,0.8971,454.0000,1.3895,0.7197,0.8941
839,mNG2_2_FITC.tif,233.9072,821.3478,308.0000,1508.0000,0.8941,783.0000,1.1659,0.8577,0.9169
840,mNG2_2_FITC.tif,198.3126,651.7949,217.0000,1236.0000,0.9731,599.0000,1.1903,0.8401,0.9213
841,mNG2_2_FITC.tif,286.4515,391.3787,109.0000,834.0000,0.9202,372.0000,1.1538,0.8667,0.9311
842,mNG2_2_FITC.tif,120.3435,145.1549,67.0000,267.0000,0.9664,139.0000,1.2080,0.8278,0.9161
843,mNG2_2_FITC.tif,232.2122,454.1533,189.0000,733.0000,0.8422,443.0000,1.7606,0.5680,0.9448
844,mNG2_2_FITC.tif,508.4939,340.1600,135.0000,559.0000,0.5345,339.0000,1.9256,0.5193,0.7151
845,mNG2_2_FITC.tif,271.1967,287.7437,56.0000,546.0000,0.8837,274.0000,1.6490,0.6064,0.9275
846,mNG2_2_FITC.tif,155.9381,176.6196,86.0000,266.0000,0.9976,176.0000,1.2878,0.7765,0.9293
847,mNG2_2_FITC.tif,406.7951,1015.2083,361.0000,2225.0000,0.9554,882.0000,1.0740,0.9311,0.9375
848,mNG2_2_FITC.tif,349.1658,2095.7816,884.0000,3374.0000,0.8944,2051.0000,1.2434,0.8043,0.9604
849,mNG2_2_FITC.tif,118.6486,237.9000,140.0000,335.0000,0.9171,242.0000,1.3462,0.7428,0.9150
850,mNG2_2_FITC.tif,330.5210,719.8154,202.0000,1383.0000,0.9598,699.0000,1.2762,0.7836,0.9420
851,mNG2_2_FITC.tif,505.1039,1527.1107,430.0000,3423.0000,0.6913,1332.0000,1.8437,0.5424,0.8739
852,mNG2_2_FITC.tif,303.4013,555.5978,268.0000,829.0000,0.8610,572.0000,1.5665,0.6384,0.9133
853,mNG2_2_FITC.tif,347.4708,2158.9122,763.0000,4156.0000,0.9015,2027.0000,1.3015,0.7683,0.9404
854,mNG2_2_FITC.tif,116.9536,188.1739,129.0000,259.0000,0.7590,190.0000,2.0739,0.4822,0.8961
855,mNG2_2_FITC.tif,286.4515,627.2426,192.0000,1266.0000,0.9240,576.0000,1.2380,0.8077,0.9135
856,mNG2_2_FITC.tif,506.7989,511.3746,158.0000,905.0000,0.8732,524.0000,1.3513,0.7400,0.9172
857,mNG2_2_FITC.tif,267.8068,287.8418,112.0000,439.0000,0.9132,296.0000,1.3184,0.7585,0.9433
858,mNG2_2_FITC.tif,488.1541,857.8160,243.0000,1885.0000,0.7977,745.0000,1.6961,0.5896,0.9071
859,mNG2_2_FITC.tif,125.4285,207.6351,126.0000,336.0000,0.8430,196.0000,1.7376,0.5755,0.8916
860,mNG2_2_FITC.tif,471.2043,878.3993,339.0000,1699.0000,0.7162,768.0000,1.8155,0.5508,0.8634
861,mNG2_2_FITC.tif,301.7064,196.2022,71.0000,381.0000,0.7061,192.0000,1.2410,0.8058,0.8599
862,mNG2_2_FITC.tif,193.2277,374.8158,164.0000,567.0000,0.8679,374.0000,1.6110,0.6207,0.9048
863,mNG2_2_FITC.tif,423.7449,530.0240,242.0000,879.0000,0.5746,515.0000,2.4586,0.4067,0.8026
864,mNG2_2_FITC.tif,323.7411,455.5445,183.0000,813.0000,0.8431,419.0000,1.3105,0.7631,0.8925
865,mNG2_2_FITC.tif,98.3088,128.2241,49.0000,216.0000,0.9431,126.0000,1.1993,0.8338,0.9062
866,mNG2_2_FITC.tif,101.6988,202.4333,133.0000,274.0000,0.7456,205.0000,2.2461,0.4452,0.8511
867,mNG2_2_FITC.tif,215.2624,358.2992,205.0000,613.0000,0.9396,345.0000,1.4602,0.6848,0.9513
868,mNG2_2_FITC.tif,128.8184,163.0526,94.0000,269.0000,0.9803,159.0000,1.2430,0.8045,0.9212
869,mNG2_2_FITC.tif,96.6138,798.2807,446.0000,1058.0000,0.9044,816.0000,1.4267,0.7009,0.9120
870,mNG2_2_FITC.tif,127.1235,173.8533,120.0000,229.0000,0.9180,172.0000,1.4953,0.6687,0.9146
871,mNG2_2_FITC.tif,255.9419,477.1987,204.0000,699.0000,0.9086,486.0000,1.0999,0.9092,0.9152
872,mNG2_2_FITC.tif,171.1929,203.6337,121.0000,309.0000,0.9771,200.0000,1.2274,0.8147,0.9182
873,mNG2_2_FITC.tif,150.8532,174.8876,77.0000,600.0000,0.7591,156.0000,2.3195,0.4311,0.9128
874,mNG2_2_FITC.tif,155.9381,180.5109,90.0000,257.0000,0.9324,181.0000,1.1852,0.8438,0.9293
875,mNG2_2_FITC.tif,322.0461,1012.6474,267.0000,1927.0000,0.9139,950.0000,1.2390,0.8071,0.9291
876,mNG2_2_FITC.tif,386.4553,491.2368,125.0000,1194.0000,0.8967,410.0000,1.5077,0.6633,0.9402
877,mNG2_2_FITC.tif,147.4632,212.0460,26.0000,393.0000,0.6819,199.0000,2.1453,0.4661,0.8700
878,mNG2_2_FITC.tif,216.9574,903.8750,301.0000,1545.0000,0.9745,872.0000,1.0925,0.9153,0.9377
879,mNG2_2_FITC.tif,352.5558,477.2019,278.0000,676.0000,0.7135,470.0000,1.9274,0.5188,0.8985
880,mNG2_2_FITC.tif,220.3473,418.8692,138.0000,682.0000,0.7991,427.0000,1.8379,0.5441,0.8997
881,mNG2_2_FITC.tif,425.4399,1079.9442,153.0000,2490.0000,0.9132,912.0000,1.2910,0.7746,0.9366
882,mNG2_2_FITC.tif,381.3704,749.6489,173.0000,1709.0000,0.9510,630.0000,1.2595,0.7940,0.9474
883,mNG2_2_FITC.tif,83.0540,214.1020,84.0000,297.0000,0.9251,220.0000,1.6484,0.6066,0.8829
884,mNG2_2_FITC.tif,116.9536,173.8116,100.0000,262.0000,0.8900,175.0000,1.1081,0.9024,0.8734
885,mNG2_2_FITC.tif,584.7680,1179.8609,305.0000,2446.0000,0.7200,1165.0000,1.7534,0.5703,0.8812
886,mNG2_2_FITC.tif,194.9227,123.8348,44.0000,251.0000,0.7101,121.0000,1.7000,0.5882,0.8070
887,mNG2_2_FITC.tif,211.8724,191.1600,102.0000,308.0000,0.8887,189.0000,1.3616,0.7344,0.9124
888,mNG2_2_FITC.tif,293.2315,948.5376,327.0000,1904.0000,0.9325,844.0000,1.1195,0.8932,0.9326
889,mNG2_2_FITC.tif,220.3473,908.9000,458.0000,1510.0000,0.9199,882.0000,1.2076,0.8281,0.9665
890,mNG2_2_FITC.tif,110.1737,239.5846,44.0000,517.0000,0.9732,216.0000,1.1166,0.8955,0.9155
891,mNG2_2_FITC.tif,128.8184,146.7632,66.0000,238.0000,0.8971,144.0000,1.6326,0.6125,0.8994
892,mNG2_2_FITC.tif,244.0771,804.3403,317.0000,1446.0000,0.9329,789.0000,1.0422,0.9595,0.9290
893,Mean,293.2011,739.3917,256.9821,1395.5504,0.8732,694.9821,1.3709,0.7575,0.9098
894,SD,150.5950,522.3095,172.8813,1119.2890,0.0962,476.2616,0.2971,0.1339,0.0351
895,Min,81.3590,103.5088,0.0000,176.0000,0.3676,101.0000,1.0087,0.3375,0.6899
896,Max,1010.2078,3103.7310,1157.0000,7060.0000,1.0000,2659.0000,2.9633,0.9914,0.9665
